query_id,question,gold_chunk_found,recall,mrr,ndcg,context_precision,latency_ms,rank_found,document,page,score,chunk_ids,retrieved_chunks
q1,What is the formal definition of overloading in programming?,True,1.0,1.0,1.0,0.2,14609.305143356323,1,semantic_calls.pdf,1,0.61004573,semantic_calls.pdf::p1::c39 | semantic_calls.pdf::p1::c40 | semantic_calls.pdf::p1::c41 | semantic_calls.pdf::p5::c54 | semantic_calls.pdf::p2::c42,"Overloaded Methods · Generic Methods · Design Issues · Semantics of Call and
Return
1. Overloaded Methods
Definition:
Overloading is a programming mechanism that allows multiple methods or functions to share the same
name within the same scope, provided they are distinguishable by the number, order, or types of their
parameters. This concept is formally known as ad hoc polymorphism because each overloaded variant is a
separate, distinct definition — the compiler simply chooses the correct one at compile time. Why Overloading Matters:
Without overloading, a programmer who needs to add two integers and also add two floating-point
numbers would be forced to invent two different names — for example, add_int and add_float. This clutters
the code with unnecessary naming complexity. Overloading lets both operations share the natural name
'add', and the compiler resolves which version to invoke by examining the argument types at the call site. This leads to more readable, intuitive, and maintainable code.

---

the argument types at the call site. This leads to more readable, intuitive, and maintainable code. How the Compiler Resolves Overloads:
When the compiler encounters a function call, it examines the types and count of the arguments provided. It then searches all visible definitions with that name and selects the one whose formal parameter list best
matches the actual arguments. If no exact match exists, the compiler may attempt implicit type promotion
— for example, promoting an int to a double. If the match remains ambiguous (two definitions are equally
valid), the compiler reports an error rather than guessing. Operator Overloading:
C++ extends the overloading concept to built-in operators such as +, -, *, and ==. A programmer can
define what it means to add two objects of a user-defined class using the familiar + symbol, rather than
calling a named function like add().

---

f a user-defined class using the familiar + symbol, rather than
calling a named function like add(). This makes user-defined types feel as natural to use as primitive types,
and is especially powerful for mathematical or scientific types such as complex numbers, vectors, or
matrices. Java, by contrast, does not allow operator overloading for user-defined types, keeping the
language simpler but less expressive in this regard. C++ Overloading — Illustrated Walkthrough:
Consider two functions both named 'add'. The first accepts two integer parameters and returns their
integer sum. The second accepts two double parameters and returns their double sum. When add(10, 20)
is written in main, the compiler sees two integer literals and selects the integer version. When add(10.5,
20.4) appears, the compiler sees double literals and selects the double version. The programmer writes
one name; the compiler does the disambiguation automatically. VIGNESH L S
Page 1

---

recursion depth is very large, the stack can run out of memory — a condition called stack
overflow. Some languages and compilers mitigate this through tail-call optimisation: if the last action of a
function is to return the result of a recursive call with no further computation, the compiler can reuse the
current activation record instead of creating a new one, making the recursion as efficient as a loop. Summary of the Complete Topic:
Overloading allows the same function name to serve multiple parameter signatures, resolved at compile
time through ad hoc polymorphism. Generic methods extend this idea by parameterising over types
through templates or generics, implementing parametric polymorphism. Function design issues require
language designers to decide on return types, side-effect policies, and parameter-passing strategies.

---

Overloaded Methods · Generic Methods · Design Issues · Semantics of Call and
Return
2. Generic Methods
Definition:
A generic subprogram is one that is written once using a placeholder type, and then automatically adapted
by the compiler for any concrete type that is used with it. This mechanism is known as parametric
polymorphism — the subprogram is parameterized not only over data values, but also over data types
themselves. The Problem Generics Solve:
Imagine writing a swap function that exchanges two integer values. Later you need to swap two doubles. Without generics, you must write two nearly identical functions that differ only in their type declarations. As
the number of types grows, this duplication becomes burdensome and error-prone. A generic function
solves this by writing the algorithm once with an abstract type T, and letting the compiler instantiate T as
int, double, or any other type as needed. Templates in C++:
In C++, generic programming is accomplished through the template mechanism."
q2,What is function overloading formally known as?,True,1.0,1.0,1.0,0.2,374.2527961730957,1,semantic_calls.pdf,1,0.5878334,semantic_calls.pdf::p1::c39 | semantic_calls.pdf::p1::c40 | semantic_calls.pdf::p1::c41 | semantic_calls.pdf::p5::c54 | semantic_calls.pdf::p2::c42,"Overloaded Methods · Generic Methods · Design Issues · Semantics of Call and
Return
1. Overloaded Methods
Definition:
Overloading is a programming mechanism that allows multiple methods or functions to share the same
name within the same scope, provided they are distinguishable by the number, order, or types of their
parameters. This concept is formally known as ad hoc polymorphism because each overloaded variant is a
separate, distinct definition — the compiler simply chooses the correct one at compile time. Why Overloading Matters:
Without overloading, a programmer who needs to add two integers and also add two floating-point
numbers would be forced to invent two different names — for example, add_int and add_float. This clutters
the code with unnecessary naming complexity. Overloading lets both operations share the natural name
'add', and the compiler resolves which version to invoke by examining the argument types at the call site. This leads to more readable, intuitive, and maintainable code.

---

the argument types at the call site. This leads to more readable, intuitive, and maintainable code. How the Compiler Resolves Overloads:
When the compiler encounters a function call, it examines the types and count of the arguments provided. It then searches all visible definitions with that name and selects the one whose formal parameter list best
matches the actual arguments. If no exact match exists, the compiler may attempt implicit type promotion
— for example, promoting an int to a double. If the match remains ambiguous (two definitions are equally
valid), the compiler reports an error rather than guessing. Operator Overloading:
C++ extends the overloading concept to built-in operators such as +, -, *, and ==. A programmer can
define what it means to add two objects of a user-defined class using the familiar + symbol, rather than
calling a named function like add().

---

f a user-defined class using the familiar + symbol, rather than
calling a named function like add(). This makes user-defined types feel as natural to use as primitive types,
and is especially powerful for mathematical or scientific types such as complex numbers, vectors, or
matrices. Java, by contrast, does not allow operator overloading for user-defined types, keeping the
language simpler but less expressive in this regard. C++ Overloading — Illustrated Walkthrough:
Consider two functions both named 'add'. The first accepts two integer parameters and returns their
integer sum. The second accepts two double parameters and returns their double sum. When add(10, 20)
is written in main, the compiler sees two integer literals and selects the integer version. When add(10.5,
20.4) appears, the compiler sees double literals and selects the double version. The programmer writes
one name; the compiler does the disambiguation automatically. VIGNESH L S
Page 1

---

recursion depth is very large, the stack can run out of memory — a condition called stack
overflow. Some languages and compilers mitigate this through tail-call optimisation: if the last action of a
function is to return the result of a recursive call with no further computation, the compiler can reuse the
current activation record instead of creating a new one, making the recursion as efficient as a loop. Summary of the Complete Topic:
Overloading allows the same function name to serve multiple parameter signatures, resolved at compile
time through ad hoc polymorphism. Generic methods extend this idea by parameterising over types
through templates or generics, implementing parametric polymorphism. Function design issues require
language designers to decide on return types, side-effect policies, and parameter-passing strategies.

---

Overloaded Methods · Generic Methods · Design Issues · Semantics of Call and
Return
2. Generic Methods
Definition:
A generic subprogram is one that is written once using a placeholder type, and then automatically adapted
by the compiler for any concrete type that is used with it. This mechanism is known as parametric
polymorphism — the subprogram is parameterized not only over data values, but also over data types
themselves. The Problem Generics Solve:
Imagine writing a swap function that exchanges two integer values. Later you need to swap two doubles. Without generics, you must write two nearly identical functions that differ only in their type declarations. As
the number of types grows, this duplication becomes burdensome and error-prone. A generic function
solves this by writing the algorithm once with an abstract type T, and letting the compiler instantiate T as
int, double, or any other type as needed. Templates in C++:
In C++, generic programming is accomplished through the template mechanism."
q3,How does a compiler choose the correct function definition when encountering an overload?,True,1.0,1.0,1.0,0.2,530.2517414093018,1,semantic_calls.pdf,1,0.6493966,semantic_calls.pdf::p1::c40 | semantic_calls.pdf::p1::c41 | semantic_calls.pdf::p1::c39 | semantic_calls.pdf::p5::c54 | scope_and_scoperules.pdf::p3::c34,"the argument types at the call site. This leads to more readable, intuitive, and maintainable code. How the Compiler Resolves Overloads:
When the compiler encounters a function call, it examines the types and count of the arguments provided. It then searches all visible definitions with that name and selects the one whose formal parameter list best
matches the actual arguments. If no exact match exists, the compiler may attempt implicit type promotion
— for example, promoting an int to a double. If the match remains ambiguous (two definitions are equally
valid), the compiler reports an error rather than guessing. Operator Overloading:
C++ extends the overloading concept to built-in operators such as +, -, *, and ==. A programmer can
define what it means to add two objects of a user-defined class using the familiar + symbol, rather than
calling a named function like add().

---

f a user-defined class using the familiar + symbol, rather than
calling a named function like add(). This makes user-defined types feel as natural to use as primitive types,
and is especially powerful for mathematical or scientific types such as complex numbers, vectors, or
matrices. Java, by contrast, does not allow operator overloading for user-defined types, keeping the
language simpler but less expressive in this regard. C++ Overloading — Illustrated Walkthrough:
Consider two functions both named 'add'. The first accepts two integer parameters and returns their
integer sum. The second accepts two double parameters and returns their double sum. When add(10, 20)
is written in main, the compiler sees two integer literals and selects the integer version. When add(10.5,
20.4) appears, the compiler sees double literals and selects the double version. The programmer writes
one name; the compiler does the disambiguation automatically. VIGNESH L S
Page 1

---

Overloaded Methods · Generic Methods · Design Issues · Semantics of Call and
Return
1. Overloaded Methods
Definition:
Overloading is a programming mechanism that allows multiple methods or functions to share the same
name within the same scope, provided they are distinguishable by the number, order, or types of their
parameters. This concept is formally known as ad hoc polymorphism because each overloaded variant is a
separate, distinct definition — the compiler simply chooses the correct one at compile time. Why Overloading Matters:
Without overloading, a programmer who needs to add two integers and also add two floating-point
numbers would be forced to invent two different names — for example, add_int and add_float. This clutters
the code with unnecessary naming complexity. Overloading lets both operations share the natural name
'add', and the compiler resolves which version to invoke by examining the argument types at the call site. This leads to more readable, intuitive, and maintainable code.

---

recursion depth is very large, the stack can run out of memory — a condition called stack
overflow. Some languages and compilers mitigate this through tail-call optimisation: if the last action of a
function is to return the result of a recursive call with no further computation, the compiler can reuse the
current activation record instead of creating a new one, making the recursion as efficient as a loop. Summary of the Complete Topic:
Overloading allows the same function name to serve multiple parameter signatures, resolved at compile
time through ad hoc polymorphism. Generic methods extend this idea by parameterising over types
through templates or generics, implementing parametric polymorphism. Function design issues require
language designers to decide on return types, side-effect policies, and parameter-passing strategies.

---

g is decided at compile time. bullet
The compiler can determine scope without executing the program. Example:
int x = 10; void f() { printf(""%d"", x); }
Here, x refers to the global variable because that is the nearest enclosing declaration in the program
text. Characteristics
bullet
Most widely used scope rule in modern languages. bullet
Predictable and easy to understand, since the scope of a name can be read directly from the
source code. bullet
Efficient implementation, typically using a stack of activation records and compile-time address
resolution. bullet
Supports nested blocks and modularity, allowing large programs to be decomposed cleanly. Languages Using Static Scope"
q4,What fundamental runtime mechanism underlies all recursive computation?,True,1.0,1.0,1.0,0.2,398.07891845703125,1,semantic_calls.pdf,5,0.54948246,semantic_calls.pdf::p5::c53 | semantic_calls.pdf::p5::c55 | semantic_calls.pdf::p5::c54 | semantic_calls.pdf::p5::c52 | semantic_calls.pdf::p4::c48,"cord is pushed for n=2. Similarly, factorial(2) calls
factorial(1), pushing a third record with n=1. At this point the stack holds three activation records for the
same function, each with a different value of n. The Unwinding Process:
The base case, factorial(1), returns the value 1 without making further recursive calls. Its activation record
is popped, and the value 1 is passed back to the waiting factorial(2) call. factorial(2) multiplies 2 by 1 to get
2, then its own activation record is popped, returning 2 to factorial(3). Finally, factorial(3) multiplies 3 by 2
to get 6, pops its record, and returns 6 to main. This sequential unwinding of the stack is the fundamental
mechanism underlying all recursive computation. Stack Overflow and Tail Recursion:
A critical limitation of the activation record model is stack depth. Each recursive call consumes stack
space, and if the recursion depth is very large, the stack can run out of memory — a condition called stack
overflow.

---

anguage designers to decide on return types, side-effect policies, and parameter-passing strategies. Semantics of call and return describe how the runtime stack, activation records, return addresses, and
register saving combine to implement correct and efficient subprogram execution — including recursive
execution — in any imperative language. VIGNESH L S
Page 5

---

recursion depth is very large, the stack can run out of memory — a condition called stack
overflow. Some languages and compilers mitigate this through tail-call optimisation: if the last action of a
function is to return the result of a recursive call with no further computation, the compiler can reuse the
current activation record instead of creating a new one, making the recursion as efficient as a loop. Summary of the Complete Topic:
Overloading allows the same function name to serve multiple parameter signatures, resolved at compile
time through ad hoc polymorphism. Generic methods extend this idea by parameterising over types
through templates or generics, implementing parametric polymorphism. Function design issues require
language designers to decide on return types, side-effect policies, and parameter-passing strategies.

---

Overloaded Methods · Generic Methods · Design Issues · Semantics of Call and
Return
4. Semantics of Call and Return (Continued) — Recursion
Recursion and the Runtime Stack:
The activation record model handles recursive calls naturally and elegantly. Because each invocation of a
subprogram receives its own fresh activation record on the stack, multiple simultaneous calls to the same
function do not interfere with one another. Each call has its own private copy of its parameters and local
variables, isolated from all other calls. Tracing Factorial(3) Through the Stack:
Consider a recursive factorial function. When main calls factorial(3), the runtime creates an activation
record storing the parameter n=3 and the return address back to main. Because the result of factorial(3)
depends on factorial(2), a second activation record is pushed for n=2. Similarly, factorial(2) calls
factorial(1), pushing a third record with n=1.

---

Overloaded Methods · Generic Methods · Design Issues · Semantics of Call and
Return
4. Semantics of Call and Return
Definition — Subprogram Linkage:
The subprogram call and return operations of a programming language are collectively called its
subprogram linkage. This linkage encompasses the full set of mechanisms required to transfer control
from a caller to a callee, execute the callee's body, and return control — along with any result value —
back to the caller. It is one of the most fundamental runtime mechanisms in any imperative language. The Activation Record (Stack Frame):
Every time a subprogram is called, the runtime system creates a data structure called an activation record,
also known as a stack frame."
q5,How do some compilers mitigate the limitation of stack depth during recursion?,True,1.0,0.5,0.6309297535714575,0.2,501.10459327697754,2,semantic_calls.pdf,5,0.61127865,semantic_calls.pdf::p5::c53 | semantic_calls.pdf::p5::c54 | semantic_calls.pdf::p5::c52 | subprograms.pdf::p4::c69 | lifetimevariable_garbagecollection.pdf::p2::c13,"cord is pushed for n=2. Similarly, factorial(2) calls
factorial(1), pushing a third record with n=1. At this point the stack holds three activation records for the
same function, each with a different value of n. The Unwinding Process:
The base case, factorial(1), returns the value 1 without making further recursive calls. Its activation record
is popped, and the value 1 is passed back to the waiting factorial(2) call. factorial(2) multiplies 2 by 1 to get
2, then its own activation record is popped, returning 2 to factorial(3). Finally, factorial(3) multiplies 3 by 2
to get 6, pops its record, and returns 6 to main. This sequential unwinding of the stack is the fundamental
mechanism underlying all recursive computation. Stack Overflow and Tail Recursion:
A critical limitation of the activation record model is stack depth. Each recursive call consumes stack
space, and if the recursion depth is very large, the stack can run out of memory — a condition called stack
overflow.

---

recursion depth is very large, the stack can run out of memory — a condition called stack
overflow. Some languages and compilers mitigate this through tail-call optimisation: if the last action of a
function is to return the result of a recursive call with no further computation, the compiler can reuse the
current activation record instead of creating a new one, making the recursion as efficient as a loop. Summary of the Complete Topic:
Overloading allows the same function name to serve multiple parameter signatures, resolved at compile
time through ad hoc polymorphism. Generic methods extend this idea by parameterising over types
through templates or generics, implementing parametric polymorphism. Function design issues require
language designers to decide on return types, side-effect policies, and parameter-passing strategies.

---

Overloaded Methods · Generic Methods · Design Issues · Semantics of Call and
Return
4. Semantics of Call and Return (Continued) — Recursion
Recursion and the Runtime Stack:
The activation record model handles recursive calls naturally and elegantly. Because each invocation of a
subprogram receives its own fresh activation record on the stack, multiple simultaneous calls to the same
function do not interfere with one another. Each call has its own private copy of its parameters and local
variables, isolated from all other calls. Tracing Factorial(3) Through the Stack:
Consider a recursive factorial function. When main calls factorial(3), the runtime creates an activation
record storing the parameter n=3 and the return address back to main. Because the result of factorial(3)
depends on factorial(2), a second activation record is pushed for n=2. Similarly, factorial(2) calls
factorial(1), pushing a third record with n=1.

---

tatic lifetime even though it is
locally scoped. It retains its value between calls to the function. Stack dynamic allocation (the C default for all local variables) means the variable is created when the
function is called and destroyed when the function returns. This is efficient and enables recursion, because
each recursive call gets its own fresh set of local variables on the stack. The memory is automatically
reclaimed when the function exits. VIGNESH L S
Page 4

---

VIGNESH L S 
2

LIFETIME & GARBAGE COLLECTION 
Disadvantages: 
• 
Memory occupied even when variable is not used 
4.2 Stack-Dynamic Lifetime 
• 
Variables are created when a function or block is entered 
• 
Destroyed when the function or block exits 
• 
Memory allocated on the runtime stack 
Examples: 
• 
Local variables 
• 
Function parameters 
Example: 
void fun()  
{ 
    int y;   // stack-dynamic variable 
} 
Advantages: 
• 
Supports recursion 
• 
Automatic allocation and deallocation 
Disadvantages: 
• 
Size must be known at compile time 
4.3 Explicit Heap-Dynamic Lifetime 
• 
Variables allocated and deallocated explicitly by the programmer 
• 
Memory taken from the heap 
Examples: 
• 
malloc() and free() in C 
• 
new and delete in C++ 
Example: 
int *p = (int*)malloc(sizeof(int)); 
free(p);"
q6,What is the definition of a subprogram?,True,1.0,1.0,1.0,0.2,351.44829750061035,1,subprograms.pdf,1,0.59607935,subprograms.pdf::p1::c56 | subprograms.pdf::p2::c59 | subprograms.pdf::p1::c57 | subprograms.pdf::p1::c58 | semantic_calls.pdf::p4::c48,"Sub Programs & Design Issues
1. Subprograms
1.1 Introduction
A subprogram is a named, self-contained block of code that is designed to perform one specific,
well-defined task. It is written once and can be invoked any number of times from other parts of the
program. When invoked, control transfers from the calling unit to the subprogram; when the subprogram
finishes its task, control returns to the caller, optionally along with a computed result value. Subprograms are the cornerstone of structured programming. They enable large, complex programs to be
broken into manageable, independently testable units. They promote modularity by giving each unit a clear
interface and hiding its internal implementation from the rest of the program. They encourage abstraction,
reusability, and maintainability — key qualities of large-scale software development. Without subprograms,
even moderately complex programs would consist of enormous, unreadable blocks of sequential code.

---

Sub Programs & Design Issues
1.4 Characteristics of Subprograms
Every subprogram, regardless of the language, shares four fundamental characteristics. First, it has a
single entry point — execution always begins at the first statement of the subprogram's body. Second, it
has a single conceptual exit point — even if a language allows multiple return statements, the caller
always resumes at the same place after the subprogram finishes. Third, it has a parameter interface — a
formal list of named placeholders that will be filled with actual argument values each time it is called. Fourth, it maintains a local referencing environment — variables declared inside the subprogram are
visible only within it, and cease to exist when the subprogram returns. 1.5 The Subprogram Definition — Explained in Depth
Consider a C function named 'square' that takes one integer and returns its square. The integer parameter
x is the formal parameter — a named placeholder that acts as a blank to be filled when the function is
called.

---

s,
even moderately complex programs would consist of enormous, unreadable blocks of sequential code. 1.2 Theoretical Concept
In programming language theory, a subprogram is described as a control abstraction mechanism. Abstraction here means that the programmer defines a general operation by giving it a name and a
parameter interface, while hiding all the implementation details inside the body. The caller only needs to
know what the subprogram does and what arguments it requires — not how it works internally. When a subprogram is called, the following sequence of events occurs: control transfers from the caller to
the callee; the formal parameters are bound to the actual argument values; local variables inside the
subprogram are allocated; the body statements execute; and finally, control returns to the caller at the
point immediately after the call statement. This sequence is governed by the call-return model, which is
universal across all imperative programming languages.

---

s governed by the call-return model, which is
universal across all imperative programming languages. 1.3 Classification of Subprograms
Subprograms are broadly classified into two categories. Procedures perform actions and produce effects
— they do not return a value to the caller. A procedure might print output, update a data structure, or
modify global state. Functions, on the other hand, compute and return a value, making them suitable for
use inside expressions. In the C programming language, this distinction is blurred: all subprograms are
written as functions, with void-returning functions serving as procedures. VIGNESH L S
Page 1

---

Overloaded Methods · Generic Methods · Design Issues · Semantics of Call and
Return
4. Semantics of Call and Return
Definition — Subprogram Linkage:
The subprogram call and return operations of a programming language are collectively called its
subprogram linkage. This linkage encompasses the full set of mechanisms required to transfer control
from a caller to a callee, execute the callee's body, and return control — along with any result value —
back to the caller. It is one of the most fundamental runtime mechanisms in any imperative language. The Activation Record (Stack Frame):
Every time a subprogram is called, the runtime system creates a data structure called an activation record,
also known as a stack frame."
q7,How is a subprogram described in programming language theory?,True,1.0,1.0,1.0,0.2,429.506778717041,1,subprograms.pdf,1,0.5973828,subprograms.pdf::p1::c57 | subprograms.pdf::p1::c56 | subprograms.pdf::p2::c59 | subprograms.pdf::p1::c58 | semantic_calls.pdf::p5::c55,"s,
even moderately complex programs would consist of enormous, unreadable blocks of sequential code. 1.2 Theoretical Concept
In programming language theory, a subprogram is described as a control abstraction mechanism. Abstraction here means that the programmer defines a general operation by giving it a name and a
parameter interface, while hiding all the implementation details inside the body. The caller only needs to
know what the subprogram does and what arguments it requires — not how it works internally. When a subprogram is called, the following sequence of events occurs: control transfers from the caller to
the callee; the formal parameters are bound to the actual argument values; local variables inside the
subprogram are allocated; the body statements execute; and finally, control returns to the caller at the
point immediately after the call statement. This sequence is governed by the call-return model, which is
universal across all imperative programming languages.

---

Sub Programs & Design Issues
1. Subprograms
1.1 Introduction
A subprogram is a named, self-contained block of code that is designed to perform one specific,
well-defined task. It is written once and can be invoked any number of times from other parts of the
program. When invoked, control transfers from the calling unit to the subprogram; when the subprogram
finishes its task, control returns to the caller, optionally along with a computed result value. Subprograms are the cornerstone of structured programming. They enable large, complex programs to be
broken into manageable, independently testable units. They promote modularity by giving each unit a clear
interface and hiding its internal implementation from the rest of the program. They encourage abstraction,
reusability, and maintainability — key qualities of large-scale software development. Without subprograms,
even moderately complex programs would consist of enormous, unreadable blocks of sequential code.

---

Sub Programs & Design Issues
1.4 Characteristics of Subprograms
Every subprogram, regardless of the language, shares four fundamental characteristics. First, it has a
single entry point — execution always begins at the first statement of the subprogram's body. Second, it
has a single conceptual exit point — even if a language allows multiple return statements, the caller
always resumes at the same place after the subprogram finishes. Third, it has a parameter interface — a
formal list of named placeholders that will be filled with actual argument values each time it is called. Fourth, it maintains a local referencing environment — variables declared inside the subprogram are
visible only within it, and cease to exist when the subprogram returns. 1.5 The Subprogram Definition — Explained in Depth
Consider a C function named 'square' that takes one integer and returns its square. The integer parameter
x is the formal parameter — a named placeholder that acts as a blank to be filled when the function is
called.

---

s governed by the call-return model, which is
universal across all imperative programming languages. 1.3 Classification of Subprograms
Subprograms are broadly classified into two categories. Procedures perform actions and produce effects
— they do not return a value to the caller. A procedure might print output, update a data structure, or
modify global state. Functions, on the other hand, compute and return a value, making them suitable for
use inside expressions. In the C programming language, this distinction is blurred: all subprograms are
written as functions, with void-returning functions serving as procedures. VIGNESH L S
Page 1

---

anguage designers to decide on return types, side-effect policies, and parameter-passing strategies. Semantics of call and return describe how the runtime stack, activation records, return addresses, and
register saving combine to implement correct and efficient subprogram execution — including recursive
execution — in any imperative language. VIGNESH L S
Page 5"
q8,What sequence of events occurs when a subprogram is invoked?,False,0.0,0.0,0.0,0.0,449.07331466674805,-1,N/A,N/A,N/A,semantic_calls.pdf::p4::c49 | subprograms.pdf::p1::c57 | semantic_calls.pdf::p4::c48 | subprograms.pdf::p2::c60 | subprograms.pdf::p2::c59,"he runtime system creates a data structure called an activation record,
also known as a stack frame. This record is pushed onto the runtime stack and stores all information
needed for that particular invocation: the values of formal parameters, the values of local variables, the
return address (the memory location in the caller where execution should resume after the call), and a
dynamic link pointing to the caller's activation record. When the subprogram finishes, its activation record
is popped from the stack, and control returns to the address stored in the return address field. Call Semantics — Step by Step:
When a caller invokes a subprogram, the following sequence occurs. First, the caller evaluates each
actual parameter expression and stores the resulting values. Second, it saves its own execution state —
including the values of CPU registers it is currently using — so they can be restored later.

---

s,
even moderately complex programs would consist of enormous, unreadable blocks of sequential code. 1.2 Theoretical Concept
In programming language theory, a subprogram is described as a control abstraction mechanism. Abstraction here means that the programmer defines a general operation by giving it a name and a
parameter interface, while hiding all the implementation details inside the body. The caller only needs to
know what the subprogram does and what arguments it requires — not how it works internally. When a subprogram is called, the following sequence of events occurs: control transfers from the caller to
the callee; the formal parameters are bound to the actual argument values; local variables inside the
subprogram are allocated; the body statements execute; and finally, control returns to the caller at the
point immediately after the call statement. This sequence is governed by the call-return model, which is
universal across all imperative programming languages.

---

Overloaded Methods · Generic Methods · Design Issues · Semantics of Call and
Return
4. Semantics of Call and Return
Definition — Subprogram Linkage:
The subprogram call and return operations of a programming language are collectively called its
subprogram linkage. This linkage encompasses the full set of mechanisms required to transfer control
from a caller to a callee, execute the callee's body, and return control — along with any result value —
back to the caller. It is one of the most fundamental runtime mechanisms in any imperative language. The Activation Record (Stack Frame):
Every time a subprogram is called, the runtime system creates a data structure called an activation record,
also known as a stack frame.

---

ormal parameter — a named placeholder that acts as a blank to be filled when the function is
called. The body of the function contains the logic (multiplying x by itself), fully encapsulated so that the
rest of the program does not need to know how the computation is done, only that it can be done. The
return type 'int' declared before the function name tells the compiler what kind of value the function will
hand back. The Subprogram Call — Detailed Analysis
In main, the statement 'int result = square(5)' is the call site. The literal value 5 is the actual parameter,
also called an argument. When the CPU executes this statement, it pauses main and transfers control to
the beginning of the square function. Simultaneously, a stack frame (activation record) is created for
square, storing the local copy of x (initialised to 5) and the return address — the memory address of the
instruction in main that should execute after square finishes.

---

Sub Programs & Design Issues
1.4 Characteristics of Subprograms
Every subprogram, regardless of the language, shares four fundamental characteristics. First, it has a
single entry point — execution always begins at the first statement of the subprogram's body. Second, it
has a single conceptual exit point — even if a language allows multiple return statements, the caller
always resumes at the same place after the subprogram finishes. Third, it has a parameter interface — a
formal list of named placeholders that will be filled with actual argument values each time it is called. Fourth, it maintains a local referencing environment — variables declared inside the subprogram are
visible only within it, and cease to exist when the subprogram returns. 1.5 The Subprogram Definition — Explained in Depth
Consider a C function named 'square' that takes one integer and returns its square. The integer parameter
x is the formal parameter — a named placeholder that acts as a blank to be filled when the function is
called."
q9,What benefits do subprograms promote in structured programming?,True,1.0,1.0,1.0,0.2,397.8254795074463,1,subprograms.pdf,1,0.6185056,subprograms.pdf::p1::c56 | subprograms.pdf::p3::c63 | subprograms.pdf::p1::c58 | subprograms.pdf::p1::c57 | semantic_calls.pdf::p5::c55,"Sub Programs & Design Issues
1. Subprograms
1.1 Introduction
A subprogram is a named, self-contained block of code that is designed to perform one specific,
well-defined task. It is written once and can be invoked any number of times from other parts of the
program. When invoked, control transfers from the calling unit to the subprogram; when the subprogram
finishes its task, control returns to the caller, optionally along with a computed result value. Subprograms are the cornerstone of structured programming. They enable large, complex programs to be
broken into manageable, independently testable units. They promote modularity by giving each unit a clear
interface and hiding its internal implementation from the rest of the program. They encourage abstraction,
reusability, and maintainability — key qualities of large-scale software development. Without subprograms,
even moderately complex programs would consist of enormous, unreadable blocks of sequential code.

---

Sub Programs & Design Issues
Summary of Subprogram Benefits
The square example illustrates three core software-engineering benefits of subprograms. Abstraction:
main does not need to know how squaring is computed; it simply requests the result. Reusability:
square(10), square(20), or square with any other argument can be computed without rewriting the
multiplication logic. Maintainability: if the implementation needs to change — say, to handle doubles
instead of ints — only the single function definition needs updating, not every place in the program where
squaring is performed. DESIGN ISSUES
2.1 Parameter Passing Mechanisms
Parameter passing is the protocol that governs how data moves from the caller to the subprogram. It is
one of the most consequential design decisions in any programming language, because it determines the
degree of coupling between the caller and the callee. Pass-by-Value creates a copy of the actual parameter. The subprogram works entirely on this copy.

---

s governed by the call-return model, which is
universal across all imperative programming languages. 1.3 Classification of Subprograms
Subprograms are broadly classified into two categories. Procedures perform actions and produce effects
— they do not return a value to the caller. A procedure might print output, update a data structure, or
modify global state. Functions, on the other hand, compute and return a value, making them suitable for
use inside expressions. In the C programming language, this distinction is blurred: all subprograms are
written as functions, with void-returning functions serving as procedures. VIGNESH L S
Page 1

---

s,
even moderately complex programs would consist of enormous, unreadable blocks of sequential code. 1.2 Theoretical Concept
In programming language theory, a subprogram is described as a control abstraction mechanism. Abstraction here means that the programmer defines a general operation by giving it a name and a
parameter interface, while hiding all the implementation details inside the body. The caller only needs to
know what the subprogram does and what arguments it requires — not how it works internally. When a subprogram is called, the following sequence of events occurs: control transfers from the caller to
the callee; the formal parameters are bound to the actual argument values; local variables inside the
subprogram are allocated; the body statements execute; and finally, control returns to the caller at the
point immediately after the call statement. This sequence is governed by the call-return model, which is
universal across all imperative programming languages.

---

anguage designers to decide on return types, side-effect policies, and parameter-passing strategies. Semantics of call and return describe how the runtime stack, activation records, return addresses, and
register saving combine to implement correct and efficient subprogram execution — including recursive
execution — in any imperative language. VIGNESH L S
Page 5"
q10,Which parameter passing options are used in the Ada programming language?,False,0.0,0.0,0.0,0.0,461.533784866333,-1,N/A,N/A,N/A,subprograms.pdf::p5::c71 | subprograms.pdf::p2::c60 | binding_and_storage.pdf::p3::c6 | subprograms.pdf::p2::c61 | localreferencing_parameters.pdf::p4::c23,"ent the closing brace is reached. This
memory then becomes available for other parts of the program. Comprehensive Summary Table
Design Issue
Options
Language Examples
Parameter Passing
By 
Value, 
By 
Reference, 
By
Value-Result
C (value), C++ (both), Ada (all three)
Type Checking
Static 
(compile-time), 
Dynamic
(runtime)
C/Java (static), Python/JS (dynamic)
Scope Rule
Static (lexical), Dynamic
C/Python (static), early Lisp (dynamic)
Subprogram Nesting
Allowed, Disallowed
Python/Pascal (yes), C/C++ (no)
Variable Lifetime
Static, Stack Dynamic
static keyword (static), default locals
(stack)
Return Types
Scalar only, Any type, Reference
Old Fortran (scalar), C++/Java (any)
Side Effects
Allowed, Forbidden
C/C++ (allowed), Haskell (forbidden)
Understanding these design issues is essential for any programmer working across multiple languages.

---

ormal parameter — a named placeholder that acts as a blank to be filled when the function is
called. The body of the function contains the logic (multiplying x by itself), fully encapsulated so that the
rest of the program does not need to know how the computation is done, only that it can be done. The
return type 'int' declared before the function name tells the compiler what kind of value the function will
hand back. The Subprogram Call — Detailed Analysis
In main, the statement 'int result = square(5)' is the call site. The literal value 5 is the actual parameter,
also called an argument. When the CPU executes this statement, it pauses main and transfers control to
the beginning of the square function. Simultaneously, a stack frame (activation record) is created for
square, storing the local copy of x (initialised to 5) and the return address — the memory address of the
instruction in main that should execute after square finishes.

---

its
lifetime spans the whole program. Parameter passing also depends directly on storage allocation. When an argument is passed by value,
the parameter is a fresh stack-dynamic variable, deallocated as soon as the function returns. When an
argument is passed by reference using a pointer, the pointer itself is stack-dynamic, but the address it
holds may refer to storage with a completely different lifetime — static, stack-dynamic in an outer
frame, or heap-dynamic.

---

n address — the memory address of the
instruction in main that should execute after square finishes. Parameter Passing — Pass-by-Value
The square example demonstrates pass-by-value, the most fundamental parameter passing mode. The
actual argument value 5 is copied into the local variable x inside square. If square were to modify x
internally (e.g., setting x to zero), that modification would only affect the local copy — the variable in main
remains completely unaffected. This property is called referential integrity: the subprogram cannot
accidentally corrupt the caller's data. Pass-by-value is the default in C and C++, and is the safest mode for
small scalar values.

---

Local Referencing & Parameter Passing
Pass by Value vs. Pass by Reference
Aspect
Pass by Value
Pass by Reference (Pointer)
What is passed
A copy of the value
The memory address
Original variable
Unaffected
Can be modified
Syntax
void f(int x)
void f(int *ptr)
Call site
f(num)
f(&num)
Access inside function
Direct (x)
Dereferenced (*ptr)
Typical use
Safe, read-only inputs
Updating multiple outputs
Pass by Pointer vs. Pass by Reference (Conceptual)
It is worth noting that languages such as C++ provide true reference parameters (e.g. void f(int &x)),
which behave like an alias for the caller's variable without requiring explicit dereferencing syntax. C
only offers pointers, so the programmer must manually take the address with & at the call site and
dereference it with * inside the function. Both techniques achieve the same underlying goal: giving the
called function direct access to the caller's storage."
q11,What is the general definition of binding in computer systems?,True,1.0,1.0,1.0,0.2,429.6104907989502,1,binding_and_storage.pdf,1,0.54087025,binding_and_storage.pdf::p1::c0 | binding_and_storage.pdf::p1::c1 | binding_and_storage.pdf::p4::c8 | binding_and_storage.pdf::p5::c10 | scope_and_scoperules.pdf::p1::c27,"Binding & Storage Allocation
Scope determines where a name can be referenced, and local referencing determines how a variable's
storage behaves once a function is called. Binding ties these two ideas together: it is the process of
associating an attribute — such as a type, a value, or a memory address — with a name. Understanding binding and storage allocation explains why static locals persist, why stack variables
vanish after a function returns, and why pointers can reach across function boundaries. 1. What is Binding? A binding is an association between an entity, such as a variable name, and a property of that entity,
such as its type, its value, or the memory location it occupies. The moment at which this association is
made is called the binding time. Binding time has a major influence on language flexibility,
performance, and error-checking: bindings made earlier (e.g. at compile time) tend to be faster to use
but less flexible, while bindings made later (e.g.

---

r (e.g. at compile time) tend to be faster to use
but less flexible, while bindings made later (e.g. at run time) are more flexible but carry runtime
overhead. 2. Binding Times
Binding Time
Example
Notes
Language design time
Meaning of the + operator
Fixed when the language itself is designed
Language implementation timeRange of the int type
Fixed by the compiler/runtime vendor
Compile time
Type of a statically typed variable
Determined when source code is compiled
Link / load time
Address of a global variable
Resolved when modules are combined and loaded
Run time
Value of a local variable
Determined while the program executes
A binding is described as static if it is completed before run time and remains fixed for the program's
entire execution. A binding is described as dynamic if it is established, or can change, during run time. The static-versus-dynamic distinction applies not only to scope (as covered in static and dynamic
scope) but also to storage allocation, which is the subject of the next section.

---

because it has static storage, exactly like the count
variable in the earlier trackCalls() example. The pointer value is bound to a different address on each
call, but since that address points to the same score variable in main(), the modification persists in the
caller, just as in the reallyChange() example. 7. Quick Reference: Binding Properties
G
Static binding is fixed before run time; dynamic binding is established, or can change, during
execution. G
Storage allocation determines a variable's lifetime; scope rules determine its visibility — related but
independent properties.

---

allocation form the bridge between the compile-time idea of scope and the
run-time idea of lifetime. Static binding gives predictable, low-overhead access to data that must
persist, while stack-dynamic and heap-dynamic allocation provide the flexibility needed for recursion,
dynamic data structures, and parameter passing. Recognizing which storage class a variable belongs
to is essential for predicting program behavior, avoiding dangling references, and writing C programs
that manage memory correctly.

---

SCOPE & SCOPE RULES
A Detailed Study Note on Programming Language Concepts
1. Introduction
In programming languages, names (identifiers) such as variables, functions, and constants must be
associated with specific program entities. This association, known as binding, links a name to a
memory location, a value, a type, or a piece of code. Without a systematic way of managing these
associations, large programs would quickly become unmanageable due to accidental name clashes
and unpredictable behavior. Scope and scope rules define where and how these names can be referenced within a program. Proper scope management is essential for program correctness, readability, modularity, and efficient
implementation. Every modern programming language, whether procedural, object-oriented, or
functional, relies on a well-defined set of scope rules to determine which declaration of a name is
active at any given point in the source code."
q12,What is meant by the phrase binding time?,False,0.0,0.0,0.0,0.0,356.3203811645508,-1,N/A,N/A,N/A,binding_and_storage.pdf::p1::c0 | binding_and_storage.pdf::p1::c1 | binding_and_storage.pdf::p4::c8 | scope_and_scoperules.pdf::p4::c36 | binding_and_storage.pdf::p5::c10,"Binding & Storage Allocation
Scope determines where a name can be referenced, and local referencing determines how a variable's
storage behaves once a function is called. Binding ties these two ideas together: it is the process of
associating an attribute — such as a type, a value, or a memory address — with a name. Understanding binding and storage allocation explains why static locals persist, why stack variables
vanish after a function returns, and why pointers can reach across function boundaries. 1. What is Binding? A binding is an association between an entity, such as a variable name, and a property of that entity,
such as its type, its value, or the memory location it occupies. The moment at which this association is
made is called the binding time. Binding time has a major influence on language flexibility,
performance, and error-checking: bindings made earlier (e.g. at compile time) tend to be faster to use
but less flexible, while bindings made later (e.g.

---

r (e.g. at compile time) tend to be faster to use
but less flexible, while bindings made later (e.g. at run time) are more flexible but carry runtime
overhead. 2. Binding Times
Binding Time
Example
Notes
Language design time
Meaning of the + operator
Fixed when the language itself is designed
Language implementation timeRange of the int type
Fixed by the compiler/runtime vendor
Compile time
Type of a statically typed variable
Determined when source code is compiled
Link / load time
Address of a global variable
Resolved when modules are combined and loaded
Run time
Value of a local variable
Determined while the program executes
A binding is described as static if it is completed before run time and remains fixed for the program's
entire execution. A binding is described as dynamic if it is established, or can change, during run time. The static-versus-dynamic distinction applies not only to scope (as covered in static and dynamic
scope) but also to storage allocation, which is the subject of the next section.

---

because it has static storage, exactly like the count
variable in the earlier trackCalls() example. The pointer value is bound to a different address on each
call, but since that address points to the same score variable in main(), the modification persists in the
caller, just as in the reallyChange() example. 7. Quick Reference: Binding Properties
G
Static binding is fixed before run time; dynamic binding is established, or can change, during
execution. G
Storage allocation determines a variable's lifetime; scope rules determine its visibility — related but
independent properties.

---

Languages Using Dynamic Scope
bullet
Early Lisp dialects
bullet
Some shell scripting environments
8. Static Scope vs Dynamic Scope
Aspect
Static Scope
Dynamic Scope
Binding time
Compile time
Runtime
Depends on
Program structure
Call sequence
Predictability
High
Low
Implementation
Simple
Complex

---

allocation form the bridge between the compile-time idea of scope and the
run-time idea of lifetime. Static binding gives predictable, low-overhead access to data that must
persist, while stack-dynamic and heap-dynamic allocation provide the flexibility needed for recursion,
dynamic data structures, and parameter passing. Recognizing which storage class a variable belongs
to is essential for predicting program behavior, avoiding dangling references, and writing C programs
that manage memory correctly."
q13,When is the meaning of the plus operator fixed in a language?,True,1.0,0.25,0.43067655807339306,0.2,505.16653060913086,4,binding_and_storage.pdf,1,0.4750369,semantic_calls.pdf::p1::c41 | semantic_calls.pdf::p1::c40 | subprograms.pdf::p5::c71 | binding_and_storage.pdf::p1::c1 | semantic_calls.pdf::p5::c55,"f a user-defined class using the familiar + symbol, rather than
calling a named function like add(). This makes user-defined types feel as natural to use as primitive types,
and is especially powerful for mathematical or scientific types such as complex numbers, vectors, or
matrices. Java, by contrast, does not allow operator overloading for user-defined types, keeping the
language simpler but less expressive in this regard. C++ Overloading — Illustrated Walkthrough:
Consider two functions both named 'add'. The first accepts two integer parameters and returns their
integer sum. The second accepts two double parameters and returns their double sum. When add(10, 20)
is written in main, the compiler sees two integer literals and selects the integer version. When add(10.5,
20.4) appears, the compiler sees double literals and selects the double version. The programmer writes
one name; the compiler does the disambiguation automatically. VIGNESH L S
Page 1

---

the argument types at the call site. This leads to more readable, intuitive, and maintainable code. How the Compiler Resolves Overloads:
When the compiler encounters a function call, it examines the types and count of the arguments provided. It then searches all visible definitions with that name and selects the one whose formal parameter list best
matches the actual arguments. If no exact match exists, the compiler may attempt implicit type promotion
— for example, promoting an int to a double. If the match remains ambiguous (two definitions are equally
valid), the compiler reports an error rather than guessing. Operator Overloading:
C++ extends the overloading concept to built-in operators such as +, -, *, and ==. A programmer can
define what it means to add two objects of a user-defined class using the familiar + symbol, rather than
calling a named function like add().

---

ent the closing brace is reached. This
memory then becomes available for other parts of the program. Comprehensive Summary Table
Design Issue
Options
Language Examples
Parameter Passing
By 
Value, 
By 
Reference, 
By
Value-Result
C (value), C++ (both), Ada (all three)
Type Checking
Static 
(compile-time), 
Dynamic
(runtime)
C/Java (static), Python/JS (dynamic)
Scope Rule
Static (lexical), Dynamic
C/Python (static), early Lisp (dynamic)
Subprogram Nesting
Allowed, Disallowed
Python/Pascal (yes), C/C++ (no)
Variable Lifetime
Static, Stack Dynamic
static keyword (static), default locals
(stack)
Return Types
Scalar only, Any type, Reference
Old Fortran (scalar), C++/Java (any)
Side Effects
Allowed, Forbidden
C/C++ (allowed), Haskell (forbidden)
Understanding these design issues is essential for any programmer working across multiple languages.

---

r (e.g. at compile time) tend to be faster to use
but less flexible, while bindings made later (e.g. at run time) are more flexible but carry runtime
overhead. 2. Binding Times
Binding Time
Example
Notes
Language design time
Meaning of the + operator
Fixed when the language itself is designed
Language implementation timeRange of the int type
Fixed by the compiler/runtime vendor
Compile time
Type of a statically typed variable
Determined when source code is compiled
Link / load time
Address of a global variable
Resolved when modules are combined and loaded
Run time
Value of a local variable
Determined while the program executes
A binding is described as static if it is completed before run time and remains fixed for the program's
entire execution. A binding is described as dynamic if it is established, or can change, during run time. The static-versus-dynamic distinction applies not only to scope (as covered in static and dynamic
scope) but also to storage allocation, which is the subject of the next section.

---

anguage designers to decide on return types, side-effect policies, and parameter-passing strategies. Semantics of call and return describe how the runtime stack, activation records, return addresses, and
register saving combine to implement correct and efficient subprogram execution — including recursive
execution — in any imperative language. VIGNESH L S
Page 5"
q14,What common class of memory bugs arises when a pointer outlives its storage?,True,1.0,1.0,1.0,0.2,557.8548908233643,1,binding_and_storage.pdf,5,0.5780741,binding_and_storage.pdf::p5::c9 | binding_and_storage.pdf::p5::c10 | localreferencing_parameters.pdf::p5::c25 | localreferencing_parameters.pdf::p3::c22 | lifetimevariable_garbagecollection.pdf::p1::c12,"Binding & Storage Allocation
8. Dangling Pointers and Lifetime Mismatches
A common class of bugs arises when a pointer outlives the storage it refers to. If a function returns the
address of a stack-dynamic local variable, that memory is reclaimed the moment the function returns,
yet the pointer still appears to be valid. Dereferencing it afterward produces undefined behavior, since
the memory may have already been reused by another function call. // INCORRECT: returns the address of a stack-dynamic variable
int *badFunction() {
  int localVal = 99;
  return &localVal;  // localVal is destroyed when the function returns
}
To avoid this, a function that must return a usable address should either return the address of a static
variable, or allocate the memory explicitly on the heap and hand ownership of that memory to the
caller. 9. Conclusion
Binding and storage allocation form the bridge between the compile-time idea of scope and the
run-time idea of lifetime.

---

allocation form the bridge between the compile-time idea of scope and the
run-time idea of lifetime. Static binding gives predictable, low-overhead access to data that must
persist, while stack-dynamic and heap-dynamic allocation provide the flexibility needed for recursion,
dynamic data structures, and parameter passing. Recognizing which storage class a variable belongs
to is essential for predicting program behavior, avoiding dangling references, and writing C programs
that manage memory correctly.

---

Local Referencing & Parameter Passing
Local Referencing and Memory Layout
Every running C program organizes its memory into distinct regions. Normal local variables and
function parameters live on the stack, which grows and shrinks automatically as functions are called
and return. Static local variables live in the program's static data segment, which is allocated once
when the program loads and persists for the program's entire lifetime. Pointers themselves are usually
stack-allocated, but the addresses they hold can point anywhere — the stack, the static segment, or
the heap. Common Pitfalls
bullet
Returning the address of a normal local variable from a function results in a dangling pointer, since
that stack memory is reclaimed once the function returns. bullet
Forgetting to dereference a pointer parameter (writing ptr = ptr + 100 instead of *ptr = *ptr + 100)
updates the local copy of the address rather than the value it points to.

---

myNumber is passed, the function receives the memory address of myNumber, stored in the
pointer ptr. Dereferencing the pointer with *ptr lets the function read and write the actual memory cell
that myNumber occupies. Since both main() and reallyChange() are now looking at the exact same
location in memory, the change made inside the function is visible outside it as well.

---

VIGNESH L S 
1

res 
• 
Helps in understanding memory-related errors such as dangling pointers and 
memory leaks 
4. Categories of Variable Lifetime 
4.1 Static Lifetime 
• 
Variables exist throughout the entire execution of the program 
• 
Memory allocated before program execution and released after program 
termination 
Examples: 
• 
Global variables 
• 
Static variables 
Example: 
static int x; 
Advantages: 
• 
Fast access 
• 
Simple implementation"
q15,What type of address should a function return to safely hand ownership over to a caller?,True,1.0,0.5,0.6309297535714575,0.2,605.2517890930176,2,binding_and_storage.pdf,5,0.5353949,semantic_calls.pdf::p4::c51 | binding_and_storage.pdf::p5::c9 | localreferencing_parameters.pdf::p5::c26 | subprograms.pdf::p2::c62 | localreferencing_parameters.pdf::p4::c24,"s transferred back to the return address, and
the caller continues execution from where it left off. VIGNESH L S
Page 4

---

Binding & Storage Allocation
8. Dangling Pointers and Lifetime Mismatches
A common class of bugs arises when a pointer outlives the storage it refers to. If a function returns the
address of a stack-dynamic local variable, that memory is reclaimed the moment the function returns,
yet the pointer still appears to be valid. Dereferencing it afterward produces undefined behavior, since
the memory may have already been reused by another function call. // INCORRECT: returns the address of a stack-dynamic variable
int *badFunction() {
  int localVal = 99;
  return &localVal;  // localVal is destroyed when the function returns
}
To avoid this, a function that must return a usable address should either return the address of a static
variable, or allocate the memory explicitly on the heap and hand ownership of that memory to the
caller. 9. Conclusion
Binding and storage allocation form the bridge between the compile-time idea of scope and the
run-time idea of lifetime.

---

tead of *ptr = *ptr + 100)
updates the local copy of the address rather than the value it points to. bullet
Assuming a static local variable resets between calls, when in fact it retains its value for the lifetime
of the program. bullet
Mixing up the unary & (address-of) and * (dereference) operators, which are opposites of one
another. Summary
Local referencing determines how a variable's storage is created and destroyed within a function, with
static locals persisting across calls and normal locals being recreated each time. Parameter passing
determines how arguments reach a function: pass by value hands over a disposable copy, leaving the
caller's data untouched, while pass by reference (via pointers) hands over the actual memory address,
allowing the function to modify the original data directly. Together, these two concepts explain how C
programs manage data flow between functions while balancing safety, performance, and flexibility.

---

r's data. Pass-by-value is the default in C and C++, and is the safest mode for
small scalar values. Integration into the Calling Program
Once square finishes executing, four things happen in quick succession: the computed result (25) is
placed in a CPU register or memory location where the caller expects to find it; the stack frame for square
is popped, reclaiming its memory; control returns to main at the saved return address; and the returned
value 25 is assigned to the variable result. Main then continues normally. VIGNESH L S
Page 2

---

achieve the same underlying goal: giving the
called function direct access to the caller's storage. When to Use Each Method
bullet
Use pass by value when the function only needs to read the data and should not be able to alter the
caller's variable. bullet
Use pass by value for small, simple data types such as int, char, or float, where copying is cheap. bullet
Use pass by reference (pointers) when the function must modify the original variable, such as
swapping two values. bullet
Use pass by reference when a function needs to return more than one result, since C functions can
only return a single value directly. bullet
Use pass by reference for large structures or arrays to avoid the overhead of copying large amounts
of data."
q16,What does local referencing describe during execution?,True,1.0,0.5,0.6309297535714575,0.2,340.2116298675537,2,localreferencing_parameters.pdf,1,0.53617346,localreferencing_parameters.pdf::p5::c26 | localreferencing_parameters.pdf::p1::c17 | localreferencing_parameters.pdf::p2::c19 | subprograms.pdf::p4::c66 | localreferencing_parameters.pdf::p5::c25,"tead of *ptr = *ptr + 100)
updates the local copy of the address rather than the value it points to. bullet
Assuming a static local variable resets between calls, when in fact it retains its value for the lifetime
of the program. bullet
Mixing up the unary & (address-of) and * (dereference) operators, which are opposites of one
another. Summary
Local referencing determines how a variable's storage is created and destroyed within a function, with
static locals persisting across calls and normal locals being recreated each time. Parameter passing
determines how arguments reach a function: pass by value hands over a disposable copy, leaving the
caller's data untouched, while pass by reference (via pointers) hands over the actual memory address,
allowing the function to modify the original data directly. Together, these two concepts explain how C
programs manage data flow between functions while balancing safety, performance, and flexibility.

---

Local Referencing & Parameter Passing
Local referencing describes how variables declared inside a function are created, stored, and
destroyed during program execution. C provides two main kinds of local variables — stack-dynamic
(normal) variables and static local variables — which differ in how long their storage persists. Static vs. Normal Local Variables
A normal local variable is allocated on the call stack each time its enclosing function is invoked, and it is
destroyed when the function returns. A static local variable, in contrast, is allocated once in a fixed
memory region and retains its value across multiple calls to the function. #include <stdio.h>
void trackCalls()
{
  // 1. Static local variable
  // It is initialized only ONCE when the program starts. static int count = 0;
  // 2. Normal (stack-dynamic) variable
  // It is recreated every time the function is called.

---

Local Referencing & Parameter Passing
Why Static Variables Persist
Because a static local variable is allocated in the program's static data segment rather than on the
stack, it is initialized exactly once, the first time the declaration is encountered. Every subsequent call
to the function reuses the same memory location, so updates made in one call are visible in the next. This makes static locals useful for counters, caches, and one-time setup flags, while keeping that state
hidden from the rest of the program. 1. Pass by Value (The Default)
In this method, C makes a copy of the variable. The function gets its own ""scratch pad"" (stack-dynamic
memory) to play with. Any modification made to the parameter inside the function affects only this local
copy and has no effect on the original variable in the caller.

---

Sub Programs & Design Issues
2.3 Local Referencing Environment (Scope)
The local referencing environment of a subprogram defines which variables are visible — that is, in scope
— during that subprogram's execution. This is determined by the language's scoping rules. Static scope (also called lexical scope) determines visibility based on the physical structure of the source
code as written. A subprogram can access variables defined in its own body, and also variables defined in
enclosing textual scopes (outer functions or the global scope). If a variable is not found in the local scope,
the compiler looks outward in the statically enclosing blocks. C uses static scoping. This is highly
predictable and easy to reason about because visibility depends only on where code is written, not on how
it is called. Dynamic scope determines visibility based on the calling sequence at runtime.

---

Local Referencing & Parameter Passing
Local Referencing and Memory Layout
Every running C program organizes its memory into distinct regions. Normal local variables and
function parameters live on the stack, which grows and shrinks automatically as functions are called
and return. Static local variables live in the program's static data segment, which is allocated once
when the program loads and persists for the program's entire lifetime. Pointers themselves are usually
stack-allocated, but the addresses they hold can point anywhere — the stack, the static segment, or
the heap. Common Pitfalls
bullet
Returning the address of a normal local variable from a function results in a dangling pointer, since
that stack memory is reclaimed once the function returns. bullet
Forgetting to dereference a pointer parameter (writing ptr = ptr + 100 instead of *ptr = *ptr + 100)
updates the local copy of the address rather than the value it points to."
q17,What is the main functional difference between a normal local variable and a static local variable?,True,1.0,1.0,1.0,0.2,606.4302921295166,1,localreferencing_parameters.pdf,1,0.687155,localreferencing_parameters.pdf::p1::c17 | localreferencing_parameters.pdf::p2::c19 | localreferencing_parameters.pdf::p1::c18 | binding_and_storage.pdf::p3::c5 | binding_and_storage.pdf::p4::c8,"Local Referencing & Parameter Passing
Local referencing describes how variables declared inside a function are created, stored, and
destroyed during program execution. C provides two main kinds of local variables — stack-dynamic
(normal) variables and static local variables — which differ in how long their storage persists. Static vs. Normal Local Variables
A normal local variable is allocated on the call stack each time its enclosing function is invoked, and it is
destroyed when the function returns. A static local variable, in contrast, is allocated once in a fixed
memory region and retains its value across multiple calls to the function. #include <stdio.h>
void trackCalls()
{
  // 1. Static local variable
  // It is initialized only ONCE when the program starts. static int count = 0;
  // 2. Normal (stack-dynamic) variable
  // It is recreated every time the function is called.

---

Local Referencing & Parameter Passing
Why Static Variables Persist
Because a static local variable is allocated in the program's static data segment rather than on the
stack, it is initialized exactly once, the first time the declaration is encountered. Every subsequent call
to the function reuses the same memory location, so updates made in one call are visible in the next. This makes static locals useful for counters, caches, and one-time setup flags, while keeping that state
hidden from the rest of the program. 1. Pass by Value (The Default)
In this method, C makes a copy of the variable. The function gets its own ""scratch pad"" (stack-dynamic
memory) to play with. Any modification made to the parameter inside the function affects only this local
copy and has no effect on the original variable in the caller.

---

= 0;
  // 2. Normal (stack-dynamic) variable
  // It is recreated every time the function is called. int localCount = 0;
  count++;      // This persists
  localCount++; // This resets to 0 every time
  printf(""Static Count: %d | Normal Count: %d\n"", count, localCount);
}
int main()
{
  trackCalls(); // Output: Static Count: 1 | Normal Count: 1
  trackCalls(); // Output: Static Count: 2 | Normal Count: 1
  trackCalls(); // Output: Static Count: 3 | Normal Count: 1
  return 0;
}
Output
Static Count: 1 | Normal Count: 1
Static Count: 2 | Normal Count: 1
Static Count: 3 | Normal Count: 1

---

Binding & Storage Allocation
4. Storage Class Comparison
Storage Class
Allocated When
Deallocated When
Typical Region
Static
Before execution begins
Program termination
Static data segment
Stack-dynamic
Block/function entry
Block/function exit
Call stack
Explicit heap-dynamic
Programmer request (malloc)Programmer request (free)
Heap
Implicit heap-dynamic
On assignment
Garbage collected
Heap
5. How This Connects to Scope and Local Referencing
Scope rules (covered in Scope & Scope Rules) describe where a name is visible in the source code,
while storage allocation describes how long the underlying memory actually exists. A static local
variable, as introduced in Local Referencing & Parameter Passing, demonstrates this distinction
clearly: its scope is still limited to the function in which it is declared, but its storage class is static, so its
lifetime spans the whole program. Parameter passing also depends directly on storage allocation.

---

because it has static storage, exactly like the count
variable in the earlier trackCalls() example. The pointer value is bound to a different address on each
call, but since that address points to the same score variable in main(), the modification persists in the
caller, just as in the reallyChange() example. 7. Quick Reference: Binding Properties
G
Static binding is fixed before run time; dynamic binding is established, or can change, during
execution. G
Storage allocation determines a variable's lifetime; scope rules determine its visibility — related but
independent properties."
q18,Where are static local variables physically stored during a program's execution?,False,0.0,0.0,0.0,0.0,489.34316635131836,-1,N/A,N/A,N/A,localreferencing_parameters.pdf::p2::c19 | localreferencing_parameters.pdf::p1::c17 | binding_and_storage.pdf::p3::c5 | binding_and_storage.pdf::p4::c8 | binding_and_storage.pdf::p5::c10,"Local Referencing & Parameter Passing
Why Static Variables Persist
Because a static local variable is allocated in the program's static data segment rather than on the
stack, it is initialized exactly once, the first time the declaration is encountered. Every subsequent call
to the function reuses the same memory location, so updates made in one call are visible in the next. This makes static locals useful for counters, caches, and one-time setup flags, while keeping that state
hidden from the rest of the program. 1. Pass by Value (The Default)
In this method, C makes a copy of the variable. The function gets its own ""scratch pad"" (stack-dynamic
memory) to play with. Any modification made to the parameter inside the function affects only this local
copy and has no effect on the original variable in the caller.

---

Local Referencing & Parameter Passing
Local referencing describes how variables declared inside a function are created, stored, and
destroyed during program execution. C provides two main kinds of local variables — stack-dynamic
(normal) variables and static local variables — which differ in how long their storage persists. Static vs. Normal Local Variables
A normal local variable is allocated on the call stack each time its enclosing function is invoked, and it is
destroyed when the function returns. A static local variable, in contrast, is allocated once in a fixed
memory region and retains its value across multiple calls to the function. #include <stdio.h>
void trackCalls()
{
  // 1. Static local variable
  // It is initialized only ONCE when the program starts. static int count = 0;
  // 2. Normal (stack-dynamic) variable
  // It is recreated every time the function is called.

---

Binding & Storage Allocation
4. Storage Class Comparison
Storage Class
Allocated When
Deallocated When
Typical Region
Static
Before execution begins
Program termination
Static data segment
Stack-dynamic
Block/function entry
Block/function exit
Call stack
Explicit heap-dynamic
Programmer request (malloc)Programmer request (free)
Heap
Implicit heap-dynamic
On assignment
Garbage collected
Heap
5. How This Connects to Scope and Local Referencing
Scope rules (covered in Scope & Scope Rules) describe where a name is visible in the source code,
while storage allocation describes how long the underlying memory actually exists. A static local
variable, as introduced in Local Referencing & Parameter Passing, demonstrates this distinction
clearly: its scope is still limited to the function in which it is declared, but its storage class is static, so its
lifetime spans the whole program. Parameter passing also depends directly on storage allocation.

---

because it has static storage, exactly like the count
variable in the earlier trackCalls() example. The pointer value is bound to a different address on each
call, but since that address points to the same score variable in main(), the modification persists in the
caller, just as in the reallyChange() example. 7. Quick Reference: Binding Properties
G
Static binding is fixed before run time; dynamic binding is established, or can change, during
execution. G
Storage allocation determines a variable's lifetime; scope rules determine its visibility — related but
independent properties.

---

allocation form the bridge between the compile-time idea of scope and the
run-time idea of lifetime. Static binding gives predictable, low-overhead access to data that must
persist, while stack-dynamic and heap-dynamic allocation provide the flexibility needed for recursion,
dynamic data structures, and parameter passing. Recognizing which storage class a variable belongs
to is essential for predicting program behavior, avoiding dangling references, and writing C programs
that manage memory correctly."
q19,What happens to the data flow during a pass-by-value argument transmission?,False,0.0,0.0,0.0,0.0,532.8068733215332,-1,N/A,N/A,N/A,subprograms.pdf::p2::c61 | localreferencing_parameters.pdf::p4::c24 | subprograms.pdf::p3::c64 | subprograms.pdf::p2::c62 | binding_and_storage.pdf::p3::c6,"n address — the memory address of the
instruction in main that should execute after square finishes. Parameter Passing — Pass-by-Value
The square example demonstrates pass-by-value, the most fundamental parameter passing mode. The
actual argument value 5 is copied into the local variable x inside square. If square were to modify x
internally (e.g., setting x to zero), that modification would only affect the local copy — the variable in main
remains completely unaffected. This property is called referential integrity: the subprogram cannot
accidentally corrupt the caller's data. Pass-by-value is the default in C and C++, and is the safest mode for
small scalar values.

---

achieve the same underlying goal: giving the
called function direct access to the caller's storage. When to Use Each Method
bullet
Use pass by value when the function only needs to read the data and should not be able to alter the
caller's variable. bullet
Use pass by value for small, simple data types such as int, char, or float, where copying is cheap. bullet
Use pass by reference (pointers) when the function must modify the original variable, such as
swapping two values. bullet
Use pass by reference when a function needs to return more than one result, since C functions can
only return a single value directly. bullet
Use pass by reference for large structures or arrays to avoid the overhead of copying large amounts
of data.

---

e. Pass-by-Value creates a copy of the actual parameter. The subprogram works entirely on this copy. The
advantage is safety — the original data cannot be accidentally changed. The disadvantage is efficiency:
copying large structures or arrays consumes significant time and memory. Pass-by-Reference passes the memory address of the actual parameter rather than its value. The
subprogram directly reads and writes the caller's variable through this address. No copying is required,
making it efficient for large data structures. However, a bug in the subprogram can corrupt variables in the
calling program, and reasoning about the program's behaviour becomes more complex. Pass-by-Value-Result (also called copy-in/copy-out) is a hybrid. The value is copied into the subprogram
at the start, and then the final value of the parameter is copied back into the caller's variable when the
subprogram returns.

---

r's data. Pass-by-value is the default in C and C++, and is the safest mode for
small scalar values. Integration into the Calling Program
Once square finishes executing, four things happen in quick succession: the computed result (25) is
placed in a CPU register or memory location where the caller expects to find it; the stack frame for square
is popped, reclaiming its memory; control returns to main at the saved return address; and the returned
value 25 is assigned to the variable result. Main then continues normally. VIGNESH L S
Page 2

---

its
lifetime spans the whole program. Parameter passing also depends directly on storage allocation. When an argument is passed by value,
the parameter is a fresh stack-dynamic variable, deallocated as soon as the function returns. When an
argument is passed by reference using a pointer, the pointer itself is stack-dynamic, but the address it
holds may refer to storage with a completely different lifetime — static, stack-dynamic in an outer
frame, or heap-dynamic."
q20,What pitfall happens when a programmer forgets to dereference a pointer parameter?,False,0.0,0.0,0.0,0.0,578.7887573242188,-1,N/A,N/A,N/A,localreferencing_parameters.pdf::p3::c22 | localreferencing_parameters.pdf::p5::c25 | localreferencing_parameters.pdf::p4::c23 | subprograms.pdf::p2::c61 | binding_and_storage.pdf::p5::c9,"myNumber is passed, the function receives the memory address of myNumber, stored in the
pointer ptr. Dereferencing the pointer with *ptr lets the function read and write the actual memory cell
that myNumber occupies. Since both main() and reallyChange() are now looking at the exact same
location in memory, the change made inside the function is visible outside it as well.

---

Local Referencing & Parameter Passing
Local Referencing and Memory Layout
Every running C program organizes its memory into distinct regions. Normal local variables and
function parameters live on the stack, which grows and shrinks automatically as functions are called
and return. Static local variables live in the program's static data segment, which is allocated once
when the program loads and persists for the program's entire lifetime. Pointers themselves are usually
stack-allocated, but the addresses they hold can point anywhere — the stack, the static segment, or
the heap. Common Pitfalls
bullet
Returning the address of a normal local variable from a function results in a dangling pointer, since
that stack memory is reclaimed once the function returns. bullet
Forgetting to dereference a pointer parameter (writing ptr = ptr + 100 instead of *ptr = *ptr + 100)
updates the local copy of the address rather than the value it points to.

---

Local Referencing & Parameter Passing
Pass by Value vs. Pass by Reference
Aspect
Pass by Value
Pass by Reference (Pointer)
What is passed
A copy of the value
The memory address
Original variable
Unaffected
Can be modified
Syntax
void f(int x)
void f(int *ptr)
Call site
f(num)
f(&num)
Access inside function
Direct (x)
Dereferenced (*ptr)
Typical use
Safe, read-only inputs
Updating multiple outputs
Pass by Pointer vs. Pass by Reference (Conceptual)
It is worth noting that languages such as C++ provide true reference parameters (e.g. void f(int &x)),
which behave like an alias for the caller's variable without requiring explicit dereferencing syntax. C
only offers pointers, so the programmer must manually take the address with & at the call site and
dereference it with * inside the function. Both techniques achieve the same underlying goal: giving the
called function direct access to the caller's storage.

---

n address — the memory address of the
instruction in main that should execute after square finishes. Parameter Passing — Pass-by-Value
The square example demonstrates pass-by-value, the most fundamental parameter passing mode. The
actual argument value 5 is copied into the local variable x inside square. If square were to modify x
internally (e.g., setting x to zero), that modification would only affect the local copy — the variable in main
remains completely unaffected. This property is called referential integrity: the subprogram cannot
accidentally corrupt the caller's data. Pass-by-value is the default in C and C++, and is the safest mode for
small scalar values.

---

Binding & Storage Allocation
8. Dangling Pointers and Lifetime Mismatches
A common class of bugs arises when a pointer outlives the storage it refers to. If a function returns the
address of a stack-dynamic local variable, that memory is reclaimed the moment the function returns,
yet the pointer still appears to be valid. Dereferencing it afterward produces undefined behavior, since
the memory may have already been reused by another function call. // INCORRECT: returns the address of a stack-dynamic variable
int *badFunction() {
  int localVal = 99;
  return &localVal;  // localVal is destroyed when the function returns
}
To avoid this, a function that must return a usable address should either return the address of a static
variable, or allocate the memory explicitly on the heap and hand ownership of that memory to the
caller. 9. Conclusion
Binding and storage allocation form the bridge between the compile-time idea of scope and the
run-time idea of lifetime."
q21,What do scope and scope rules define within a program?,True,1.0,0.3333333333333333,0.5,0.2,431.2465190887451,3,scope_and_scoperules.pdf,1,0.58161587,scope_and_scoperules.pdf::p5::c38 | scope_and_scoperules.pdf::p1::c29 | scope_and_scoperules.pdf::p1::c27 | scope_and_scoperules.pdf::p3::c33 | scope_and_scoperules.pdf::p3::c34,"uages. 10. Conclusion
Scope and scope rules are fundamental concepts in programming language design. They govern
how identifiers are bound to entities, how names are resolved when multiple declarations exist, and
how programs are organized into manageable, modular units. Most modern languages adopt static (lexical) scoping due to its predictability, efficiency, and ease of
implementation. Static scoping allows compilers to perform thorough error checking before a program
ever runs, and it gives programmers a clear, structural way to reason about variable visibility simply
by reading the source code. Understanding scope rules helps programmers write correct, modular, and maintainable programs
and aids compiler designers in efficient symbol management. A solid grasp of these concepts is
essential not only for writing better code, but also for understanding the inner workings of compilers,
interpreters, and the broader theory of programming languages.

---

is property
makes static analysis tools, IDE auto-completion, and early error detection possible. 3. Importance of Scope
Scope plays a vital role in several aspects of language design and software engineering:
bullet
Avoiding name conflicts across different parts of a program. bullet
Supporting modular programming and independent module development. bullet
Improving program readability and clarity of variable usage. bullet
Enabling separate compilation of files or modules. bullet
Assisting the compiler in symbol table construction. bullet
Enforcing encapsulation of implementation details. bullet
Reducing memory overhead via stack-based allocation.

---

SCOPE & SCOPE RULES
A Detailed Study Note on Programming Language Concepts
1. Introduction
In programming languages, names (identifiers) such as variables, functions, and constants must be
associated with specific program entities. This association, known as binding, links a name to a
memory location, a value, a type, or a piece of code. Without a systematic way of managing these
associations, large programs would quickly become unmanageable due to accidental name clashes
and unpredictable behavior. Scope and scope rules define where and how these names can be referenced within a program. Proper scope management is essential for program correctness, readability, modularity, and efficient
implementation. Every modern programming language, whether procedural, object-oriented, or
functional, relies on a well-defined set of scope rules to determine which declaration of a name is
active at any given point in the source code.

---

5. Scope Rules
Scope rules determine which declaration of a variable is used when multiple declarations with the
same name exist in different, possibly overlapping, regions of a program. Specifically, scope rules specify:
bullet
The binding of names to variables — how and when an identifier is associated with a storage
location. bullet
The visibility of identifiers — which parts of the program can legally reference a given name. bullet
The order of searching declarations — the sequence in which nested or enclosing scopes are
examined to resolve a name. Two major scope rules are used in programming languages:
bullet
Static (Lexical) Scope
bullet
Dynamic Scope
6. Static (Lexical) Scope
Definition
In static scope, the binding of a variable is determined by the program's lexical structure, i.e., the
physical placement of declarations in the source code. bullet
Binding is decided at compile time. bullet
The compiler can determine scope without executing the program.

---

g is decided at compile time. bullet
The compiler can determine scope without executing the program. Example:
int x = 10; void f() { printf(""%d"", x); }
Here, x refers to the global variable because that is the nearest enclosing declaration in the program
text. Characteristics
bullet
Most widely used scope rule in modern languages. bullet
Predictable and easy to understand, since the scope of a name can be read directly from the
source code. bullet
Efficient implementation, typically using a stack of activation records and compile-time address
resolution. bullet
Supports nested blocks and modularity, allowing large programs to be decomposed cleanly. Languages Using Static Scope"
q22,What is the formal definition of a variable's scope?,True,1.0,0.25,0.43067655807339306,0.2,417.1602725982666,4,scope_and_scoperules.pdf,1,0.5515321,scope_and_scoperules.pdf::p5::c37 | scope_and_scoperules.pdf::p3::c33 | subprograms.pdf::p4::c66 | scope_and_scoperules.pdf::p1::c28 | scope_and_scoperules.pdf::p3::c34,"Modern usage
Very common
Rare
9. Scope vs Lifetime
Although often confused, scope and lifetime are different concepts. Scope is a textual, compile-time
property describing where in the source code a name can be legally referenced. Lifetime, on the other
hand, is a runtime property describing the period during which a variable actually occupies storage in
memory. Concept
Meaning
Scope
Where a variable can be accessed
Lifetime
How long a variable exists in memory
A variable may exist in memory but still not be accessible due to scope restrictions. For instance, a
static local variable in C retains its value across function calls (its lifetime spans the entire program
execution), yet it remains accessible only within the function in which it is declared (its scope is local). This distinction is essential when reasoning about memory management, closures, and garbage
collection in modern languages. 10. Conclusion
Scope and scope rules are fundamental concepts in programming language design.

---

5. Scope Rules
Scope rules determine which declaration of a variable is used when multiple declarations with the
same name exist in different, possibly overlapping, regions of a program. Specifically, scope rules specify:
bullet
The binding of names to variables — how and when an identifier is associated with a storage
location. bullet
The visibility of identifiers — which parts of the program can legally reference a given name. bullet
The order of searching declarations — the sequence in which nested or enclosing scopes are
examined to resolve a name. Two major scope rules are used in programming languages:
bullet
Static (Lexical) Scope
bullet
Dynamic Scope
6. Static (Lexical) Scope
Definition
In static scope, the binding of a variable is determined by the program's lexical structure, i.e., the
physical placement of declarations in the source code. bullet
Binding is decided at compile time. bullet
The compiler can determine scope without executing the program.

---

Sub Programs & Design Issues
2.3 Local Referencing Environment (Scope)
The local referencing environment of a subprogram defines which variables are visible — that is, in scope
— during that subprogram's execution. This is determined by the language's scoping rules. Static scope (also called lexical scope) determines visibility based on the physical structure of the source
code as written. A subprogram can access variables defined in its own body, and also variables defined in
enclosing textual scopes (outer functions or the global scope). If a variable is not found in the local scope,
the compiler looks outward in the statically enclosing blocks. C uses static scoping. This is highly
predictable and easy to reason about because visibility depends only on where code is written, not on how
it is called. Dynamic scope determines visibility based on the calling sequence at runtime.

---

cope rules to determine which declaration of a name is
active at any given point in the source code. Understanding scope is also foundational to understanding how compilers build symbol tables and
detect errors such as undeclared variables or illegal references. 2. Scope
Scope is defined as the region of a program in which a particular name binding is visible and can be
legally referenced. In simple terms, scope answers the question: “Where in the program can this
variable or name be used?”
Scope is a compile-time concept in most modern programming languages. This means that, for
statically scoped languages, a compiler can determine the scope of every identifier simply by
analyzing the structure of the source code, without needing to execute the program. This property
makes static analysis tools, IDE auto-completion, and early error detection possible. 3.

---

g is decided at compile time. bullet
The compiler can determine scope without executing the program. Example:
int x = 10; void f() { printf(""%d"", x); }
Here, x refers to the global variable because that is the nearest enclosing declaration in the program
text. Characteristics
bullet
Most widely used scope rule in modern languages. bullet
Predictable and easy to understand, since the scope of a name can be read directly from the
source code. bullet
Efficient implementation, typically using a stack of activation records and compile-time address
resolution. bullet
Supports nested blocks and modularity, allowing large programs to be decomposed cleanly. Languages Using Static Scope"
q23,Why do most modern programming languages adopt static scoping?,True,1.0,1.0,1.0,0.2,418.2319641113281,1,scope_and_scoperules.pdf,5,0.60761005,scope_and_scoperules.pdf::p5::c38 | scope_and_scoperules.pdf::p4::c36 | scope_and_scoperules.pdf::p3::c34 | subprograms.pdf::p5::c71 | subprograms.pdf::p4::c66,"uages. 10. Conclusion
Scope and scope rules are fundamental concepts in programming language design. They govern
how identifiers are bound to entities, how names are resolved when multiple declarations exist, and
how programs are organized into manageable, modular units. Most modern languages adopt static (lexical) scoping due to its predictability, efficiency, and ease of
implementation. Static scoping allows compilers to perform thorough error checking before a program
ever runs, and it gives programmers a clear, structural way to reason about variable visibility simply
by reading the source code. Understanding scope rules helps programmers write correct, modular, and maintainable programs
and aids compiler designers in efficient symbol management. A solid grasp of these concepts is
essential not only for writing better code, but also for understanding the inner workings of compilers,
interpreters, and the broader theory of programming languages.

---

Languages Using Dynamic Scope
bullet
Early Lisp dialects
bullet
Some shell scripting environments
8. Static Scope vs Dynamic Scope
Aspect
Static Scope
Dynamic Scope
Binding time
Compile time
Runtime
Depends on
Program structure
Call sequence
Predictability
High
Low
Implementation
Simple
Complex

---

g is decided at compile time. bullet
The compiler can determine scope without executing the program. Example:
int x = 10; void f() { printf(""%d"", x); }
Here, x refers to the global variable because that is the nearest enclosing declaration in the program
text. Characteristics
bullet
Most widely used scope rule in modern languages. bullet
Predictable and easy to understand, since the scope of a name can be read directly from the
source code. bullet
Efficient implementation, typically using a stack of activation records and compile-time address
resolution. bullet
Supports nested blocks and modularity, allowing large programs to be decomposed cleanly. Languages Using Static Scope

---

ent the closing brace is reached. This
memory then becomes available for other parts of the program. Comprehensive Summary Table
Design Issue
Options
Language Examples
Parameter Passing
By 
Value, 
By 
Reference, 
By
Value-Result
C (value), C++ (both), Ada (all three)
Type Checking
Static 
(compile-time), 
Dynamic
(runtime)
C/Java (static), Python/JS (dynamic)
Scope Rule
Static (lexical), Dynamic
C/Python (static), early Lisp (dynamic)
Subprogram Nesting
Allowed, Disallowed
Python/Pascal (yes), C/C++ (no)
Variable Lifetime
Static, Stack Dynamic
static keyword (static), default locals
(stack)
Return Types
Scalar only, Any type, Reference
Old Fortran (scalar), C++/Java (any)
Side Effects
Allowed, Forbidden
C/C++ (allowed), Haskell (forbidden)
Understanding these design issues is essential for any programmer working across multiple languages.

---

Sub Programs & Design Issues
2.3 Local Referencing Environment (Scope)
The local referencing environment of a subprogram defines which variables are visible — that is, in scope
— during that subprogram's execution. This is determined by the language's scoping rules. Static scope (also called lexical scope) determines visibility based on the physical structure of the source
code as written. A subprogram can access variables defined in its own body, and also variables defined in
enclosing textual scopes (outer functions or the global scope). If a variable is not found in the local scope,
the compiler looks outward in the statically enclosing blocks. C uses static scoping. This is highly
predictable and easy to reason about because visibility depends only on where code is written, not on how
it is called. Dynamic scope determines visibility based on the calling sequence at runtime."
q24,What is the key conceptual difference between scope and lifetime?,True,1.0,1.0,1.0,0.2,428.18593978881836,1,scope_and_scoperules.pdf,5,0.6796055,scope_and_scoperules.pdf::p5::c37 | lifetimevariable_garbagecollection.pdf::p1::c11 | binding_and_storage.pdf::p5::c10 | binding_and_storage.pdf::p3::c5 | scope_and_scoperules.pdf::p4::c36,"Modern usage
Very common
Rare
9. Scope vs Lifetime
Although often confused, scope and lifetime are different concepts. Scope is a textual, compile-time
property describing where in the source code a name can be legally referenced. Lifetime, on the other
hand, is a runtime property describing the period during which a variable actually occupies storage in
memory. Concept
Meaning
Scope
Where a variable can be accessed
Lifetime
How long a variable exists in memory
A variable may exist in memory but still not be accessible due to scope restrictions. For instance, a
static local variable in C retains its value across function calls (its lifetime spans the entire program
execution), yet it remains accessible only within the function in which it is declared (its scope is local). This distinction is essential when reasoning about memory management, closures, and garbage
collection in modern languages. 10. Conclusion
Scope and scope rules are fundamental concepts in programming language design.

---

LIFETIME & GARBAGE COLLECTION 
1. Introduction 
In programming languages, variables and objects occupy memory during program 
execution. Two important concepts related to memory management are lifetime and 
garbage collection. While scope defines where a variable can be accessed, lifetime defines how long the 
variable exists in memory. Garbage collection is a mechanism used to automatically reclaim unused memory, 
especially for heap-dynamic variables. 2. Lifetime 
Lifetime of a variable is defined as the time duration during which the variable is bound 
to a memory location during program execution. In simple words, lifetime answers: 
“For how long does this variable exist in memory?” 
Lifetime is a runtime concept and is independent of scope. 3. Importance of Lifetime 
• 
Efficient use of memory 
• 
Avoids memory wastage 
• 
Supports recursion and dynamic data structures 
• 
Helps in understanding memory-related errors such as dangling pointers and 
memory leaks 
4.

---

allocation form the bridge between the compile-time idea of scope and the
run-time idea of lifetime. Static binding gives predictable, low-overhead access to data that must
persist, while stack-dynamic and heap-dynamic allocation provide the flexibility needed for recursion,
dynamic data structures, and parameter passing. Recognizing which storage class a variable belongs
to is essential for predicting program behavior, avoiding dangling references, and writing C programs
that manage memory correctly.

---

Binding & Storage Allocation
4. Storage Class Comparison
Storage Class
Allocated When
Deallocated When
Typical Region
Static
Before execution begins
Program termination
Static data segment
Stack-dynamic
Block/function entry
Block/function exit
Call stack
Explicit heap-dynamic
Programmer request (malloc)Programmer request (free)
Heap
Implicit heap-dynamic
On assignment
Garbage collected
Heap
5. How This Connects to Scope and Local Referencing
Scope rules (covered in Scope & Scope Rules) describe where a name is visible in the source code,
while storage allocation describes how long the underlying memory actually exists. A static local
variable, as introduced in Local Referencing & Parameter Passing, demonstrates this distinction
clearly: its scope is still limited to the function in which it is declared, but its storage class is static, so its
lifetime spans the whole program. Parameter passing also depends directly on storage allocation.

---

Languages Using Dynamic Scope
bullet
Early Lisp dialects
bullet
Some shell scripting environments
8. Static Scope vs Dynamic Scope
Aspect
Static Scope
Dynamic Scope
Binding time
Compile time
Runtime
Depends on
Program structure
Call sequence
Predictability
High
Low
Implementation
Simple
Complex"
q25,Can a variable retain an active lifetime but still be unreachable by scope rules?,True,1.0,1.0,1.0,0.2,552.6456832885742,1,scope_and_scoperules.pdf,5,0.6281478,scope_and_scoperules.pdf::p5::c37 | lifetimevariable_garbagecollection.pdf::p1::c11 | binding_and_storage.pdf::p5::c10 | lifetimevariable_garbagecollection.pdf::p1::c12 | binding_and_storage.pdf::p4::c8,"Modern usage
Very common
Rare
9. Scope vs Lifetime
Although often confused, scope and lifetime are different concepts. Scope is a textual, compile-time
property describing where in the source code a name can be legally referenced. Lifetime, on the other
hand, is a runtime property describing the period during which a variable actually occupies storage in
memory. Concept
Meaning
Scope
Where a variable can be accessed
Lifetime
How long a variable exists in memory
A variable may exist in memory but still not be accessible due to scope restrictions. For instance, a
static local variable in C retains its value across function calls (its lifetime spans the entire program
execution), yet it remains accessible only within the function in which it is declared (its scope is local). This distinction is essential when reasoning about memory management, closures, and garbage
collection in modern languages. 10. Conclusion
Scope and scope rules are fundamental concepts in programming language design.

---

LIFETIME & GARBAGE COLLECTION 
1. Introduction 
In programming languages, variables and objects occupy memory during program 
execution. Two important concepts related to memory management are lifetime and 
garbage collection. While scope defines where a variable can be accessed, lifetime defines how long the 
variable exists in memory. Garbage collection is a mechanism used to automatically reclaim unused memory, 
especially for heap-dynamic variables. 2. Lifetime 
Lifetime of a variable is defined as the time duration during which the variable is bound 
to a memory location during program execution. In simple words, lifetime answers: 
“For how long does this variable exist in memory?” 
Lifetime is a runtime concept and is independent of scope. 3. Importance of Lifetime 
• 
Efficient use of memory 
• 
Avoids memory wastage 
• 
Supports recursion and dynamic data structures 
• 
Helps in understanding memory-related errors such as dangling pointers and 
memory leaks 
4.

---

allocation form the bridge between the compile-time idea of scope and the
run-time idea of lifetime. Static binding gives predictable, low-overhead access to data that must
persist, while stack-dynamic and heap-dynamic allocation provide the flexibility needed for recursion,
dynamic data structures, and parameter passing. Recognizing which storage class a variable belongs
to is essential for predicting program behavior, avoiding dangling references, and writing C programs
that manage memory correctly.

---

VIGNESH L S 
1

res 
• 
Helps in understanding memory-related errors such as dangling pointers and 
memory leaks 
4. Categories of Variable Lifetime 
4.1 Static Lifetime 
• 
Variables exist throughout the entire execution of the program 
• 
Memory allocated before program execution and released after program 
termination 
Examples: 
• 
Global variables 
• 
Static variables 
Example: 
static int x; 
Advantages: 
• 
Fast access 
• 
Simple implementation

---

because it has static storage, exactly like the count
variable in the earlier trackCalls() example. The pointer value is bound to a different address on each
call, but since that address points to the same score variable in main(), the modification persists in the
caller, just as in the reallyChange() example. 7. Quick Reference: Binding Properties
G
Static binding is fixed before run time; dynamic binding is established, or can change, during
execution. G
Storage allocation determines a variable's lifetime; scope rules determine its visibility — related but
independent properties."
q26,What is the definition of a variable's lifetime?,True,1.0,0.5,0.6309297535714575,0.2,382.1225166320801,2,lifetimevariable_garbagecollection.pdf,1,0.6356445,scope_and_scoperules.pdf::p5::c37 | lifetimevariable_garbagecollection.pdf::p1::c11 | lifetimevariable_garbagecollection.pdf::p1::c12 | lifetimevariable_garbagecollection.pdf::p2::c13 | binding_and_storage.pdf::p5::c10,"Modern usage
Very common
Rare
9. Scope vs Lifetime
Although often confused, scope and lifetime are different concepts. Scope is a textual, compile-time
property describing where in the source code a name can be legally referenced. Lifetime, on the other
hand, is a runtime property describing the period during which a variable actually occupies storage in
memory. Concept
Meaning
Scope
Where a variable can be accessed
Lifetime
How long a variable exists in memory
A variable may exist in memory but still not be accessible due to scope restrictions. For instance, a
static local variable in C retains its value across function calls (its lifetime spans the entire program
execution), yet it remains accessible only within the function in which it is declared (its scope is local). This distinction is essential when reasoning about memory management, closures, and garbage
collection in modern languages. 10. Conclusion
Scope and scope rules are fundamental concepts in programming language design.

---

LIFETIME & GARBAGE COLLECTION 
1. Introduction 
In programming languages, variables and objects occupy memory during program 
execution. Two important concepts related to memory management are lifetime and 
garbage collection. While scope defines where a variable can be accessed, lifetime defines how long the 
variable exists in memory. Garbage collection is a mechanism used to automatically reclaim unused memory, 
especially for heap-dynamic variables. 2. Lifetime 
Lifetime of a variable is defined as the time duration during which the variable is bound 
to a memory location during program execution. In simple words, lifetime answers: 
“For how long does this variable exist in memory?” 
Lifetime is a runtime concept and is independent of scope. 3. Importance of Lifetime 
• 
Efficient use of memory 
• 
Avoids memory wastage 
• 
Supports recursion and dynamic data structures 
• 
Helps in understanding memory-related errors such as dangling pointers and 
memory leaks 
4.

---

VIGNESH L S 
1

res 
• 
Helps in understanding memory-related errors such as dangling pointers and 
memory leaks 
4. Categories of Variable Lifetime 
4.1 Static Lifetime 
• 
Variables exist throughout the entire execution of the program 
• 
Memory allocated before program execution and released after program 
termination 
Examples: 
• 
Global variables 
• 
Static variables 
Example: 
static int x; 
Advantages: 
• 
Fast access 
• 
Simple implementation

---

VIGNESH L S 
2

LIFETIME & GARBAGE COLLECTION 
Disadvantages: 
• 
Memory occupied even when variable is not used 
4.2 Stack-Dynamic Lifetime 
• 
Variables are created when a function or block is entered 
• 
Destroyed when the function or block exits 
• 
Memory allocated on the runtime stack 
Examples: 
• 
Local variables 
• 
Function parameters 
Example: 
void fun()  
{ 
    int y;   // stack-dynamic variable 
} 
Advantages: 
• 
Supports recursion 
• 
Automatic allocation and deallocation 
Disadvantages: 
• 
Size must be known at compile time 
4.3 Explicit Heap-Dynamic Lifetime 
• 
Variables allocated and deallocated explicitly by the programmer 
• 
Memory taken from the heap 
Examples: 
• 
malloc() and free() in C 
• 
new and delete in C++ 
Example: 
int *p = (int*)malloc(sizeof(int)); 
free(p);

---

allocation form the bridge between the compile-time idea of scope and the
run-time idea of lifetime. Static binding gives predictable, low-overhead access to data that must
persist, while stack-dynamic and heap-dynamic allocation provide the flexibility needed for recursion,
dynamic data structures, and parameter passing. Recognizing which storage class a variable belongs
to is essential for predicting program behavior, avoiding dangling references, and writing C programs
that manage memory correctly."
q27,What is the primary function of garbage collection systems?,True,1.0,0.25,0.43067655807339306,0.2,383.67581367492676,4,lifetimevariable_garbagecollection.pdf,1,0.49488157,lifetimevariable_garbagecollection.pdf::p4::c15 | lifetimevariable_garbagecollection.pdf::p3::c14 | lifetimevariable_garbagecollection.pdf::p5::c16 | lifetimevariable_garbagecollection.pdf::p1::c11 | binding_and_storage.pdf::p5::c10,"VIGNESH L S 
4

LIFETIME & GARBAGE COLLECTION 
• 
Improves reliability and safety of programs 
7. Garbage Collection Techniques 
7.1 Reference Counting 
• 
Each object maintains a count of references 
• 
Count incremented when reference is created 
• 
Count decremented when reference is destroyed 
• 
Object is reclaimed when count becomes zero 
Advantages: 
• 
Simple to implement 
Disadvantages: 
• 
Cannot handle circular references 
7.2 Mark-and-Sweep 
Steps: 
1. Mark phase – all reachable objects are marked 
2. Sweep phase – unmarked objects are reclaimed 
Advantages: 
• 
Handles circular references 
Disadvantages: 
• 
Program execution may pause during collection 
7.3 Copying Garbage Collection 
• 
Heap divided into two regions 
• 
Live objects copied to the new region 
• 
Old region cleared completely 
Advantages: 
• 
Fast allocation 
• 
No fragmentation 
Disadvantages: 
• 
Requires extra memory 
8. Problems Without Garbage Collection

---

VIGNESH L S 
3

LIFETIME & GARBAGE COLLECTION 
Advantages: 
• 
Flexible memory usage 
• 
Suitable for dynamic data structures 
Disadvantages: 
• 
Programmer errors may cause: 
o Memory leaks 
o Dangling pointers

4.4 Implicit Heap-Dynamic Lifetime 
• 
Variables allocated automatically at runtime 
• 
Deallocation handled by garbage collector 
• 
Common in modern high-level languages 
Examples: 
• 
Objects in Java, Python, C# 
Example: 
Object obj = new Object(); 
Advantages: 
• 
Safe and simple memory management 
• 
No explicit deallocation required 
Disadvantages: 
• 
Garbage collection overhead 
5. Garbage Collection 
Garbage collection is the automatic process of reclaiming heap memory that is no longer 
reachable or usable by the program. 
Garbage refers to allocated memory that cannot be accessed by any active reference. 
Garbage collection is mainly used for heap-dynamic variables. 
6. Need for Garbage Collection 
• 
Prevents memory leaks 
• 
Avoids dangling references 
• 
Reduces programmer burden

---

VIGNESH L S 
5

LIFETIME & GARBAGE COLLECTION 
• 
Memory leaks 
• 
Dangling pointers 
• 
Program crashes 
• 
Reduced system performance 
9. Relationship Between Lifetime and Garbage Collection 
• 
Heap-dynamic variables have unpredictable lifetimes 
• 
Garbage collection automatically terminates the lifetime of unreachable objects 
• 
Ensures safe and efficient memory usage 
10. Conclusion 
Lifetime defines the existence duration of variables in memory, while garbage collection 
provides an automatic mechanism to reclaim unused heap memory. 
Modern programming languages widely adopt garbage collection to improve safety, 
reliability, and ease of programming, making memory management less error-prone.

---

LIFETIME & GARBAGE COLLECTION 
1. Introduction 
In programming languages, variables and objects occupy memory during program 
execution. Two important concepts related to memory management are lifetime and 
garbage collection. While scope defines where a variable can be accessed, lifetime defines how long the 
variable exists in memory. Garbage collection is a mechanism used to automatically reclaim unused memory, 
especially for heap-dynamic variables. 2. Lifetime 
Lifetime of a variable is defined as the time duration during which the variable is bound 
to a memory location during program execution. In simple words, lifetime answers: 
“For how long does this variable exist in memory?” 
Lifetime is a runtime concept and is independent of scope. 3. Importance of Lifetime 
• 
Efficient use of memory 
• 
Avoids memory wastage 
• 
Supports recursion and dynamic data structures 
• 
Helps in understanding memory-related errors such as dangling pointers and 
memory leaks 
4.

---

allocation form the bridge between the compile-time idea of scope and the
run-time idea of lifetime. Static binding gives predictable, low-overhead access to data that must
persist, while stack-dynamic and heap-dynamic allocation provide the flexibility needed for recursion,
dynamic data structures, and parameter passing. Recognizing which storage class a variable belongs
to is essential for predicting program behavior, avoiding dangling references, and writing C programs
that manage memory correctly."
q28,What is a main disadvantage of using a reference counting garbage collection strategy?,True,1.0,1.0,1.0,0.2,525.1383781433105,1,lifetimevariable_garbagecollection.pdf,4,0.6254086,lifetimevariable_garbagecollection.pdf::p4::c15 | lifetimevariable_garbagecollection.pdf::p3::c14 | lifetimevariable_garbagecollection.pdf::p5::c16 | lifetimevariable_garbagecollection.pdf::p1::c11 | lifetimevariable_garbagecollection.pdf::p2::c13,"VIGNESH L S 
4

LIFETIME & GARBAGE COLLECTION 
• 
Improves reliability and safety of programs 
7. Garbage Collection Techniques 
7.1 Reference Counting 
• 
Each object maintains a count of references 
• 
Count incremented when reference is created 
• 
Count decremented when reference is destroyed 
• 
Object is reclaimed when count becomes zero 
Advantages: 
• 
Simple to implement 
Disadvantages: 
• 
Cannot handle circular references 
7.2 Mark-and-Sweep 
Steps: 
1. Mark phase – all reachable objects are marked 
2. Sweep phase – unmarked objects are reclaimed 
Advantages: 
• 
Handles circular references 
Disadvantages: 
• 
Program execution may pause during collection 
7.3 Copying Garbage Collection 
• 
Heap divided into two regions 
• 
Live objects copied to the new region 
• 
Old region cleared completely 
Advantages: 
• 
Fast allocation 
• 
No fragmentation 
Disadvantages: 
• 
Requires extra memory 
8. Problems Without Garbage Collection

---

VIGNESH L S 
3

LIFETIME & GARBAGE COLLECTION 
Advantages: 
• 
Flexible memory usage 
• 
Suitable for dynamic data structures 
Disadvantages: 
• 
Programmer errors may cause: 
o Memory leaks 
o Dangling pointers

4.4 Implicit Heap-Dynamic Lifetime 
• 
Variables allocated automatically at runtime 
• 
Deallocation handled by garbage collector 
• 
Common in modern high-level languages 
Examples: 
• 
Objects in Java, Python, C# 
Example: 
Object obj = new Object(); 
Advantages: 
• 
Safe and simple memory management 
• 
No explicit deallocation required 
Disadvantages: 
• 
Garbage collection overhead 
5. Garbage Collection 
Garbage collection is the automatic process of reclaiming heap memory that is no longer 
reachable or usable by the program. 
Garbage refers to allocated memory that cannot be accessed by any active reference. 
Garbage collection is mainly used for heap-dynamic variables. 
6. Need for Garbage Collection 
• 
Prevents memory leaks 
• 
Avoids dangling references 
• 
Reduces programmer burden

---

VIGNESH L S 
5

LIFETIME & GARBAGE COLLECTION 
• 
Memory leaks 
• 
Dangling pointers 
• 
Program crashes 
• 
Reduced system performance 
9. Relationship Between Lifetime and Garbage Collection 
• 
Heap-dynamic variables have unpredictable lifetimes 
• 
Garbage collection automatically terminates the lifetime of unreachable objects 
• 
Ensures safe and efficient memory usage 
10. Conclusion 
Lifetime defines the existence duration of variables in memory, while garbage collection 
provides an automatic mechanism to reclaim unused heap memory. 
Modern programming languages widely adopt garbage collection to improve safety, 
reliability, and ease of programming, making memory management less error-prone.

---

LIFETIME & GARBAGE COLLECTION 
1. Introduction 
In programming languages, variables and objects occupy memory during program 
execution. Two important concepts related to memory management are lifetime and 
garbage collection. While scope defines where a variable can be accessed, lifetime defines how long the 
variable exists in memory. Garbage collection is a mechanism used to automatically reclaim unused memory, 
especially for heap-dynamic variables. 2. Lifetime 
Lifetime of a variable is defined as the time duration during which the variable is bound 
to a memory location during program execution. In simple words, lifetime answers: 
“For how long does this variable exist in memory?” 
Lifetime is a runtime concept and is independent of scope. 3. Importance of Lifetime 
• 
Efficient use of memory 
• 
Avoids memory wastage 
• 
Supports recursion and dynamic data structures 
• 
Helps in understanding memory-related errors such as dangling pointers and 
memory leaks 
4.

---

VIGNESH L S 
2

LIFETIME & GARBAGE COLLECTION 
Disadvantages: 
• 
Memory occupied even when variable is not used 
4.2 Stack-Dynamic Lifetime 
• 
Variables are created when a function or block is entered 
• 
Destroyed when the function or block exits 
• 
Memory allocated on the runtime stack 
Examples: 
• 
Local variables 
• 
Function parameters 
Example: 
void fun()  
{ 
    int y;   // stack-dynamic variable 
} 
Advantages: 
• 
Supports recursion 
• 
Automatic allocation and deallocation 
Disadvantages: 
• 
Size must be known at compile time 
4.3 Explicit Heap-Dynamic Lifetime 
• 
Variables allocated and deallocated explicitly by the programmer 
• 
Memory taken from the heap 
Examples: 
• 
malloc() and free() in C 
• 
new and delete in C++ 
Example: 
int *p = (int*)malloc(sizeof(int)); 
free(p);"
q29,How does the mark-and-sweep garbage collector operate?,True,1.0,1.0,1.0,0.2,422.1181869506836,1,lifetimevariable_garbagecollection.pdf,4,0.60108733,lifetimevariable_garbagecollection.pdf::p4::c15 | lifetimevariable_garbagecollection.pdf::p3::c14 | lifetimevariable_garbagecollection.pdf::p5::c16 | lifetimevariable_garbagecollection.pdf::p1::c11 | lifetimevariable_garbagecollection.pdf::p2::c13,"VIGNESH L S 
4

LIFETIME & GARBAGE COLLECTION 
• 
Improves reliability and safety of programs 
7. Garbage Collection Techniques 
7.1 Reference Counting 
• 
Each object maintains a count of references 
• 
Count incremented when reference is created 
• 
Count decremented when reference is destroyed 
• 
Object is reclaimed when count becomes zero 
Advantages: 
• 
Simple to implement 
Disadvantages: 
• 
Cannot handle circular references 
7.2 Mark-and-Sweep 
Steps: 
1. Mark phase – all reachable objects are marked 
2. Sweep phase – unmarked objects are reclaimed 
Advantages: 
• 
Handles circular references 
Disadvantages: 
• 
Program execution may pause during collection 
7.3 Copying Garbage Collection 
• 
Heap divided into two regions 
• 
Live objects copied to the new region 
• 
Old region cleared completely 
Advantages: 
• 
Fast allocation 
• 
No fragmentation 
Disadvantages: 
• 
Requires extra memory 
8. Problems Without Garbage Collection

---

VIGNESH L S 
3

LIFETIME & GARBAGE COLLECTION 
Advantages: 
• 
Flexible memory usage 
• 
Suitable for dynamic data structures 
Disadvantages: 
• 
Programmer errors may cause: 
o Memory leaks 
o Dangling pointers

4.4 Implicit Heap-Dynamic Lifetime 
• 
Variables allocated automatically at runtime 
• 
Deallocation handled by garbage collector 
• 
Common in modern high-level languages 
Examples: 
• 
Objects in Java, Python, C# 
Example: 
Object obj = new Object(); 
Advantages: 
• 
Safe and simple memory management 
• 
No explicit deallocation required 
Disadvantages: 
• 
Garbage collection overhead 
5. Garbage Collection 
Garbage collection is the automatic process of reclaiming heap memory that is no longer 
reachable or usable by the program. 
Garbage refers to allocated memory that cannot be accessed by any active reference. 
Garbage collection is mainly used for heap-dynamic variables. 
6. Need for Garbage Collection 
• 
Prevents memory leaks 
• 
Avoids dangling references 
• 
Reduces programmer burden

---

VIGNESH L S 
5

LIFETIME & GARBAGE COLLECTION 
• 
Memory leaks 
• 
Dangling pointers 
• 
Program crashes 
• 
Reduced system performance 
9. Relationship Between Lifetime and Garbage Collection 
• 
Heap-dynamic variables have unpredictable lifetimes 
• 
Garbage collection automatically terminates the lifetime of unreachable objects 
• 
Ensures safe and efficient memory usage 
10. Conclusion 
Lifetime defines the existence duration of variables in memory, while garbage collection 
provides an automatic mechanism to reclaim unused heap memory. 
Modern programming languages widely adopt garbage collection to improve safety, 
reliability, and ease of programming, making memory management less error-prone.

---

LIFETIME & GARBAGE COLLECTION 
1. Introduction 
In programming languages, variables and objects occupy memory during program 
execution. Two important concepts related to memory management are lifetime and 
garbage collection. While scope defines where a variable can be accessed, lifetime defines how long the 
variable exists in memory. Garbage collection is a mechanism used to automatically reclaim unused memory, 
especially for heap-dynamic variables. 2. Lifetime 
Lifetime of a variable is defined as the time duration during which the variable is bound 
to a memory location during program execution. In simple words, lifetime answers: 
“For how long does this variable exist in memory?” 
Lifetime is a runtime concept and is independent of scope. 3. Importance of Lifetime 
• 
Efficient use of memory 
• 
Avoids memory wastage 
• 
Supports recursion and dynamic data structures 
• 
Helps in understanding memory-related errors such as dangling pointers and 
memory leaks 
4.

---

VIGNESH L S 
2

LIFETIME & GARBAGE COLLECTION 
Disadvantages: 
• 
Memory occupied even when variable is not used 
4.2 Stack-Dynamic Lifetime 
• 
Variables are created when a function or block is entered 
• 
Destroyed when the function or block exits 
• 
Memory allocated on the runtime stack 
Examples: 
• 
Local variables 
• 
Function parameters 
Example: 
void fun()  
{ 
    int y;   // stack-dynamic variable 
} 
Advantages: 
• 
Supports recursion 
• 
Automatic allocation and deallocation 
Disadvantages: 
• 
Size must be known at compile time 
4.3 Explicit Heap-Dynamic Lifetime 
• 
Variables allocated and deallocated explicitly by the programmer 
• 
Memory taken from the heap 
Examples: 
• 
malloc() and free() in C 
• 
new and delete in C++ 
Example: 
int *p = (int*)malloc(sizeof(int)); 
free(p);"
q30,What software bugs occur in systems operating without functional garbage collection?,True,1.0,0.3333333333333333,0.5,0.2,466.54558181762695,3,lifetimevariable_garbagecollection.pdf,5,0.506545,lifetimevariable_garbagecollection.pdf::p4::c15 | lifetimevariable_garbagecollection.pdf::p3::c14 | lifetimevariable_garbagecollection.pdf::p5::c16 | binding_and_storage.pdf::p5::c10 | lifetimevariable_garbagecollection.pdf::p1::c11,"VIGNESH L S 
4

LIFETIME & GARBAGE COLLECTION 
• 
Improves reliability and safety of programs 
7. Garbage Collection Techniques 
7.1 Reference Counting 
• 
Each object maintains a count of references 
• 
Count incremented when reference is created 
• 
Count decremented when reference is destroyed 
• 
Object is reclaimed when count becomes zero 
Advantages: 
• 
Simple to implement 
Disadvantages: 
• 
Cannot handle circular references 
7.2 Mark-and-Sweep 
Steps: 
1. Mark phase – all reachable objects are marked 
2. Sweep phase – unmarked objects are reclaimed 
Advantages: 
• 
Handles circular references 
Disadvantages: 
• 
Program execution may pause during collection 
7.3 Copying Garbage Collection 
• 
Heap divided into two regions 
• 
Live objects copied to the new region 
• 
Old region cleared completely 
Advantages: 
• 
Fast allocation 
• 
No fragmentation 
Disadvantages: 
• 
Requires extra memory 
8. Problems Without Garbage Collection

---

VIGNESH L S 
3

LIFETIME & GARBAGE COLLECTION 
Advantages: 
• 
Flexible memory usage 
• 
Suitable for dynamic data structures 
Disadvantages: 
• 
Programmer errors may cause: 
o Memory leaks 
o Dangling pointers

4.4 Implicit Heap-Dynamic Lifetime 
• 
Variables allocated automatically at runtime 
• 
Deallocation handled by garbage collector 
• 
Common in modern high-level languages 
Examples: 
• 
Objects in Java, Python, C# 
Example: 
Object obj = new Object(); 
Advantages: 
• 
Safe and simple memory management 
• 
No explicit deallocation required 
Disadvantages: 
• 
Garbage collection overhead 
5. Garbage Collection 
Garbage collection is the automatic process of reclaiming heap memory that is no longer 
reachable or usable by the program. 
Garbage refers to allocated memory that cannot be accessed by any active reference. 
Garbage collection is mainly used for heap-dynamic variables. 
6. Need for Garbage Collection 
• 
Prevents memory leaks 
• 
Avoids dangling references 
• 
Reduces programmer burden

---

VIGNESH L S 
5

LIFETIME & GARBAGE COLLECTION 
• 
Memory leaks 
• 
Dangling pointers 
• 
Program crashes 
• 
Reduced system performance 
9. Relationship Between Lifetime and Garbage Collection 
• 
Heap-dynamic variables have unpredictable lifetimes 
• 
Garbage collection automatically terminates the lifetime of unreachable objects 
• 
Ensures safe and efficient memory usage 
10. Conclusion 
Lifetime defines the existence duration of variables in memory, while garbage collection 
provides an automatic mechanism to reclaim unused heap memory. 
Modern programming languages widely adopt garbage collection to improve safety, 
reliability, and ease of programming, making memory management less error-prone.

---

allocation form the bridge between the compile-time idea of scope and the
run-time idea of lifetime. Static binding gives predictable, low-overhead access to data that must
persist, while stack-dynamic and heap-dynamic allocation provide the flexibility needed for recursion,
dynamic data structures, and parameter passing. Recognizing which storage class a variable belongs
to is essential for predicting program behavior, avoiding dangling references, and writing C programs
that manage memory correctly.

---

LIFETIME & GARBAGE COLLECTION 
1. Introduction 
In programming languages, variables and objects occupy memory during program 
execution. Two important concepts related to memory management are lifetime and 
garbage collection. While scope defines where a variable can be accessed, lifetime defines how long the 
variable exists in memory. Garbage collection is a mechanism used to automatically reclaim unused memory, 
especially for heap-dynamic variables. 2. Lifetime 
Lifetime of a variable is defined as the time duration during which the variable is bound 
to a memory location during program execution. In simple words, lifetime answers: 
“For how long does this variable exist in memory?” 
Lifetime is a runtime concept and is independent of scope. 3. Importance of Lifetime 
• 
Efficient use of memory 
• 
Avoids memory wastage 
• 
Supports recursion and dynamic data structures 
• 
Helps in understanding memory-related errors such as dangling pointers and 
memory leaks 
4."
